image_id,corruption,severity,map,count_error
003cee89357d9fe13516167fd67b609a164651b21934585648c740d2c3d86dc1,limpa,0,0.803928928928929,1
0121d6759c5adb290c8e828fc882f37dfaf3663ec885c663859948c154a443ed,limpa,0,0.11995561662028904,33
077f026f4ab0f0bcc0856644d99cbf639e443ec4f067d7b708bc6cecac609424,limpa,0,0.8090909090909092,0
08151b19806eebd58e5acec7e138dbfbb1761f41a1ab9620466584ecc7d5fada,limpa,0,0.5942294223718028,6
08275a5b1c2dfcd739e8c4888a5ee2d29f83eccfa75185404ced1dc0866ea992,limpa,0,0.10295614791077576,40
0d2bf916cc8de90d02f4cd4c23ea79b227dbc45d845b4124ffea380c92d34c8c,limpa,0,0.5668196764871957,2
0ea221716cf13710214dcd331a61cea48308c3940df1d28cfc7fd817c83714e1,limpa,0,0.031158948561759624,248
139946af9e2c7ef4f0298e622b831dbef5e5c0cd088eb5bc3382f8df9355443d,limpa,0,0.6126123876123877,0
1631352dbafb8a90f11219fffd3bea368a30bc3bad3bbe0e84e19bd720df4945,limpa,0,0.34050770188294655,2
1ec74a26e772966df764e063f1391109a60d803cff9d15680093641ed691bf72,limpa,0,0.2840127318235304,6
220b37f4ca7cab486d2b71cd87a46ee7411a5aa142799d96ed98015ab5ba538a,limpa,0,0.13333333333333333,2
24a20f2a529cede5695df2422a3986505b5826bb10b10781d6db2074cf3de7b3,limpa,0,0.28635745003830115,15
2c83c86dd4e5dacc024b55629375567fb8e320a82ef86f541cfe54764040fc25,limpa,0,0.499393283752599,0
2f929b067a59f88530b6bfa6f6889bc3a38adf88d594895973d1c8b2549fd93d,limpa,0,0.18332594502033034,7
30f65741053db713b3f328d31d3234b6fedbe31df65c1a8ea29be28146cab789,limpa,0,0.31332284264079396,3
3441821ebea04face181c9e2f4d0d09727c764827ac51b9e7fbadbebabeab225,limpa,0,0.5267270823791141,8
3477024fd843e46097840360f9cdee24b76bf5c593ed27a9aee7a5728a06aa51,limpa,0,0.4479720837896536,9
34c9f4eb2af8b8f46b1d88b74bde16f4614cd08948c2f1d817eb629afc512e7a,limpa,0,0.7896709268991879,1
35ca5f142a7d7a3e4b59f1a767a31f87cb00d66348226bc64094ee3d1e46531c,limpa,0,0.2243553081281276,7
37ed50eea5a1e0bade3e6753793b6caeb061cd4c2f365658c257f69cab1f6288,limpa,0,0.2321371709912309,6
3a22fe593d9606d4f137461dd6802fd3918f9fbf36f4a65292be69670365e2ca,limpa,0,0.5204940519632171,2
3bf7873f11823f4b64422f49c8248dd95c0d01f9ae9075ae3d233bbb21a3d875,limpa,0,0.420322300930516,15
3bfa8b3b01fd24a28477f103063d17368a7398b27331e020f3a0ef59bf68c940,limpa,0,0.0629663173582239,28
3ca8181367fc1258a418f7bf5044533c83e02a59c1a96def043295c429c297a8,limpa,0,0.5583604479256653,0
4596961c789d3b41916492918797724fe75128239fefc516c3ee75322b7926f0,limpa,0,0.5927579405781045,13
4bf6a5ec42032bb8dbbb10d25fdc5211b2fe1ce44b6e577ef89dbda17697d819,limpa,0,0.11564814814814814,15
4d09672bcf5a2661eea00891bbb8191225a06619a849aece37ad10d9dedbde3e,limpa,0,0.5477577474560592,2
4d2cff9a0c8df3a7ef6100fda6f66e865a7670af6a18564767d8019b9ed2fd7b,limpa,0,0.676339562679032,11
4e23ecf65040f86420e0201134e538951acdeda84fbb274311f995682044dd64,limpa,0,0.39787078389158703,1
4e92129f4e8066d6f560d6022cd343a2245939aa49d8b06cddbd9bfc7e7eeb0e,limpa,0,0.26422484479127517,10
516a0e20327d6dfcedcf57e3056115e4fb29cdf4cb349003bdfc75c9b7f5c2cf,limpa,0,0.4917778517778518,4
52a4ac5a875be7a6c886035d54fb63f5f397dc43508c4831898f6b2f8debc7f3,limpa,0,0.7325396825396825,1
5419302571113e9aa74c7c0a9575333ca539b871a16c86ee92b35170b4ddc52e,limpa,0,0.6262111499611499,1
56d0da5b663ddd49955478c00ca03118c367ff7dd6a646b8c875b0acb207d1c5,limpa,0,0.553398146393836,3
58cc121d37fb7f1b4a5252024d88415936781e540252b8f734faeedd29b682d5,limpa,0,0.18300563570293926,7
5bb8508ff8ec8683fc6a8aa6bd470f6feb3af4eccdca07f51a1ebc9dad67cfb8,limpa,0,0.48244981452079727,8
5d2c98fd6fda3c7d739461c3b3d4a0c7f8456121a14519dc5955a1775227b053,limpa,0,0.457121701079215,8
602f267432e7a573e1092f1cf48135c82d0fbc8722bc028b9330ec801a40bb18,limpa,0,0.41065562427703045,1
608ff81c8a0c8b622f6648a9c7f935d85f0c503f515ef2ac3728387be1953ee8,limpa,0,0.31315052336724164,6
610f32e2d9d270d740aec501dcf0c89595e4e623468ad43272adab90520a8f96,limpa,0,0.2843542109210372,10
623cf6987b3fac8f384c09f40d98c5e739c097aa9a9627054542aa27f7d38db1,limpa,0,0.4679105441174406,2
68f833de9f8c631cedd7031b8ed9b908c42cbbc1e14254722728a8b7d596fd4c,limpa,0,0.07382058570441112,21
6aa7dd0c88bec4f96cdd497f9c37779733033d9ec6513307461302d36bd32ac7,limpa,0,0.5554943096119567,1
6af82abb29539000be4696884fc822d3cafcb2105906dc7582c92dccad8948c5,limpa,0,0.3985439794439713,1
6b0ac2ab04c09dced54058ec504a4947f8ecd5727dfca7e0b3f69de71d0d31c7,limpa,0,0.44233821733821727,0
6b72b61b80060a9e79a4747f9c5d5af135af9db466681c2d1086f784c7130699,limpa,0,0.5229916542048875,27
6f8197baf738986a1ec3b6ba92b567863d897a739376b7cec5599ad6cecafdfc,limpa,0,0.41355681044495174,4
6fb82031f7fc5f4fa6e0bc2ef3421db19036b5c2cdd2725009ab465d66d61d72,limpa,0,0.5233333333333333,0
709e094e39629a9ca21e187f007b331074694e443db40289447c1111f7e267e7,limpa,0,0.3240866892757882,3
72b18a405555ad491721e29454e5cd325055ce81a9e78524b56f2c058a4d2327,limpa,0,0.6460714285714285,1
777f7c4269279951ae05b56e806745e613297d411d048c0bce8964afd7d71a4b,limpa,0,0.3595937247470861,17
77ceeb87f560775ac150b8b9b09684ed3e806d0af6f26cce8f10c5fc280f5df2,limpa,0,0.212232849011147,1
7978812d0e2e034ee1f9c141f019705582fcaa290e4a01c6c75a62753285cb23,limpa,0,0.879579185520362,1
79dfcbc9361edd3a1ffe81a5bdaa22a197ad1341f3fa64b86a646c2607d6b324,limpa,0,0.8115384615384615,0
7af09f98ec299ba0658d759eebc4c34e1c98289ea6ce37f233e9f5e4e2fc84f4,limpa,0,0.7211976429367735,0
7ba20aa731cc21af74a8d940254176cbad1bdc44f240b550341c6d9c27509daa,limpa,0,0.6534173976608187,3
7c318172e976ae5a962c9c7a4e9fe46d7fb985765ddd3a3e2108e893a90b92b2,limpa,0,0.3310679435442789,13
7f4d7b549d0f1a110191e2aded872943d85892bc30667f19fe9de97a5370b08e,limpa,0,0.655,1
8175a55b711c948fe383bd3b91b6ca1b9e048a5241e0be13aff31ce2674fbe6d,limpa,0,0.8341736694677871,0
8d9b4205ddb10fa49a2973b4f3a2dc6923407ae015081e1a52c4b4c2fe8faa53,limpa,0,0.7319774778598308,2
8efed2e62c919e6d70a2ab548b1a33014877fe8a23f177ef25a9dee25ffe8842,limpa,0,0.13725637935413054,114
97158b2fe38783d88d4e44ba1b7bc6c84f225f8b35fcccc2f9265c65f14e7c8b,limpa,0,0.4083958454723362,3
9774c82396327929fea05e40ae153cabf0107178b2ae3e40a5709b409793887e,limpa,0,0.23233570222347316,5
9b25b8ffd5f52b6c3d235a42d51d380503d1f80b61ef0f62eeb696f5977c38e6,limpa,0,0.6034090909090909,2
9e4f8ec60a0d622a02c0e16eedcc0101f88ddefbcec2383946c4572b57a1e43a,limpa,0,0.3827640482275903,20
9facc652efe19f634639585d692a53dd6c2a8e2f0c9baebdfd85b9b41ec58851,limpa,0,0.5342680308197549,6
a3a1b8f9794ef589b71faa9f35fd97ad6761c4488718fbcf766e95e31afa8606,limpa,0,0.5157436073844742,4
a7f6194ddbeaefb1da571226a97785d09ccafc5893ce3c77078d2040bccfcb77,limpa,0,0.15186761486318054,15
a9d884ba0929dac87c2052ce5b15034163685317d7cff45c40b0f7bd9bd4d9e7,limpa,0,0.48563358311034255,4
aa83f5b4fca02ae43a6b9456ab42707b0beabc6e7c5c4e66c0d2572fb80f3615,limpa,0,0.7363636363636363,1
abbfff07379bceb69dba41dad8b0db5eb80cc8baf3d4af87b7ee20b0dac32215,limpa,0,0.5655899752673946,6
ac8169a0debed11560f3f0e246c05ea82d03c66346f1576cc8268554cb3f549f,limpa,0,0.4772321248334612,4
ad9d305cbf193d4250743ead466bdaefe910835d7e352c544e22320e8336f5c1,limpa,0,0.26715924169359817,3
afa272dc01825d4b929b3bfc79a10f68dd3c163c450d858b964d1ce0bc93e131,limpa,0,0.7393939393939395,1
b3b1626f8ad156acb2963d1faa6a368f9378a266c3b90d9321087fdc5b3032b4,limpa,0,0.5584039832952941,5
b67a6e5da8b1cfa5319d94a7d3f8b706725753346c37a4636bf7382e98b3c5df,limpa,0,0.5520386046701835,2
b6d50fa22380ae3a7e8c52c5bc44a254e7b2596fd8927980dbe2c160cb5689b5,limpa,0,0.6744110916677883,1
b82548ab19466b461614e6055aaf49fbc24c03a2d20e65575b680c7c28268807,limpa,0,0.7745633621099903,2
b98681c74842c4058bd2f88b06063731c26a90da083b1ef348e0ec734c58752b,limpa,0,0.8428571428571429,0
be771d6831e3f8f1af4696bc08a582f163735db5baf9906e4729acc6a05e1187,limpa,0,0.19160677857001387,1
c0152b1a260e71f9823d17f4fbb4bf7020d5dce62b4a12b3099c1c8e52a1c43a,limpa,0,0.10962189825031707,13
c169a7782a69ea2f38f64d2739de189e88adbcfd4a829721def8c89ecabe8b71,limpa,0,0.4827217388022687,2
c35e6e3ea39a718e1b7aff66e4cc678efd662f9b5336b74d69c1d6bca7aaf288,limpa,0,0.5485101464666388,6
c3bec1066aae20f48b82975e7e8b684cd67635a8baf211e4d9e3e13bc54c5d06,limpa,0,0.22360720589408953,24
c6216cdc42f61bc345434986db42e2ef9b9741aee3210b7a808e952e319d2305,limpa,0,0.2040451109366522,9
cf26c41245febfe67c2a1682cc4ee8752ee40ae3e49610314f45923b8bf5b08a,limpa,0,0.5225323194349232,3
d1dbc6ee7c44a7027e935d040e496793186b884a1028d0e26284a206c6f5aff0,limpa,0,0.13887787650945543,11
d3ce382f190ee24729bd2e80684c11bef72bc9c733cdbbc19a17d2c1b2e775f7,limpa,0,0.5541666666666666,1
da8ca06ccbb4e2a8718f7c2939ef6cc3a4088981f660842ad885a8273e740d55,limpa,0,0.526081845929548,6
dad607a203483439fcbc2acecd0a39fb5e5a94a32a94348f5c802c79cfeb6e7c,limpa,0,0.671531506166263,4
e52960d31f8bddf85400259beb4521383f5ceface1080be3429f2f926cc9b5c2,limpa,0,0.6524687756002547,14
e5a7b8a9924b26b3abf039255a8a3bb00258f4966f68ff3349560b4350af9367,limpa,0,0.44436780143652516,6
ead9464a50a17f74bf1b6471d94ecce8d887cf518c8fedc6c6048eb948bc4e49,limpa,0,0.8628571428571428,0
ed4b8e0d756836be7acb2e2b7799c473b52424e3092a71d3c6d23558e500dc4c,limpa,0,0.5942913180262478,7
f534b43bf37ff946a310a0f08315d76c3fb3394681cf523acef7c0682240072a,limpa,0,0.5723647660818714,3
f728de04267283f0b4daab9a840e7433b2c6034baf195fd526850439c9297687,limpa,0,0.2744166960771018,18
f7eaaf420b5204c4a42577428b7cd897a53ef07b759ccbba3ed30a3548ca5605,limpa,0,0.7986425339366516,0
f81ca7ee25e733ff37240c34c8e3044d9937bb0166e315952ebde3f237ecb86f,limpa,0,0.5011707586058491,2
f8e74d4006dd68c1dbe68df7be905835e00d8ba4916f3b18884509a15fdc0b55,limpa,0,0.3778329576081324,20
fa751ff3a6332c95cb5cb1d28563553914295e9e7d35c4b6bd267241e8a0787c,limpa,0,0.6438522101360494,5
fdda64c47361b0d1a146e5b7b48dc6b7de615ea80b31f01227a3b16469589528,limpa,0,0.3893888475821249,6
003cee89357d9fe13516167fd67b609a164651b21934585648c740d2c3d86dc1,ruido,1,0.5783490290291761,1
0121d6759c5adb290c8e828fc882f37dfaf3663ec885c663859948c154a443ed,ruido,1,0.02962162072638519,1
077f026f4ab0f0bcc0856644d99cbf639e443ec4f067d7b708bc6cecac609424,ruido,1,0.3738961038961039,0
08151b19806eebd58e5acec7e138dbfbb1761f41a1ab9620466584ecc7d5fada,ruido,1,0.0,24
08275a5b1c2dfcd739e8c4888a5ee2d29f83eccfa75185404ced1dc0866ea992,ruido,1,0.007823311700113796,414
0d2bf916cc8de90d02f4cd4c23ea79b227dbc45d845b4124ffea380c92d34c8c,ruido,1,0.0,13
0ea221716cf13710214dcd331a61cea48308c3940df1d28cfc7fd817c83714e1,ruido,1,0.04137414674221955,65
139946af9e2c7ef4f0298e622b831dbef5e5c0cd088eb5bc3382f8df9355443d,ruido,1,0.4028403540903541,1
1631352dbafb8a90f11219fffd3bea368a30bc3bad3bbe0e84e19bd720df4945,ruido,1,0.06727457369405652,14
1ec74a26e772966df764e063f1391109a60d803cff9d15680093641ed691bf72,ruido,1,0.16027651575535365,3
220b37f4ca7cab486d2b71cd87a46ee7411a5aa142799d96ed98015ab5ba538a,ruido,1,0.0,2
24a20f2a529cede5695df2422a3986505b5826bb10b10781d6db2074cf3de7b3,ruido,1,0.01797322702665972,14
2c83c86dd4e5dacc024b55629375567fb8e320a82ef86f541cfe54764040fc25,ruido,1,0.028833752781121203,7
2f929b067a59f88530b6bfa6f6889bc3a38adf88d594895973d1c8b2549fd93d,ruido,1,0.00196078431372549,1
30f65741053db713b3f328d31d3234b6fedbe31df65c1a8ea29be28146cab789,ruido,1,0.0,8
3441821ebea04face181c9e2f4d0d09727c764827ac51b9e7fbadbebabeab225,ruido,1,0.0064516129032258064,24
3477024fd843e46097840360f9cdee24b76bf5c593ed27a9aee7a5728a06aa51,ruido,1,0.013189725013594177,117
34c9f4eb2af8b8f46b1d88b74bde16f4614cd08948c2f1d817eb629afc512e7a,ruido,1,0.33035166240409203,0
35ca5f142a7d7a3e4b59f1a767a31f87cb00d66348226bc64094ee3d1e46531c,ruido,1,0.0013333333333333335,26
37ed50eea5a1e0bade3e6753793b6caeb061cd4c2f365658c257f69cab1f6288,ruido,1,0.0027397260273972603,2
3a22fe593d9606d4f137461dd6802fd3918f9fbf36f4a65292be69670365e2ca,ruido,1,0.0,17
3bf7873f11823f4b64422f49c8248dd95c0d01f9ae9075ae3d233bbb21a3d875,ruido,1,0.40974043584564834,17
3bfa8b3b01fd24a28477f103063d17368a7398b27331e020f3a0ef59bf68c940,ruido,1,0.01923771899587429,2
3ca8181367fc1258a418f7bf5044533c83e02a59c1a96def043295c429c297a8,ruido,1,0.0,3
4596961c789d3b41916492918797724fe75128239fefc516c3ee75322b7926f0,ruido,1,0.006219135802469135,103
4bf6a5ec42032bb8dbbb10d25fdc5211b2fe1ce44b6e577ef89dbda17697d819,ruido,1,0.11977920227920227,15
4d09672bcf5a2661eea00891bbb8191225a06619a849aece37ad10d9dedbde3e,ruido,1,0.013055397783121914,171
4d2cff9a0c8df3a7ef6100fda6f66e865a7670af6a18564767d8019b9ed2fd7b,ruido,1,0.0022058823529411764,101
4e23ecf65040f86420e0201134e538951acdeda84fbb274311f995682044dd64,ruido,1,0.011764705882352941,16
4e92129f4e8066d6f560d6022cd343a2245939aa49d8b06cddbd9bfc7e7eeb0e,ruido,1,0.10653430180745305,0
516a0e20327d6dfcedcf57e3056115e4fb29cdf4cb349003bdfc75c9b7f5c2cf,ruido,1,0.0,20
52a4ac5a875be7a6c886035d54fb63f5f397dc43508c4831898f6b2f8debc7f3,ruido,1,0.25429217840982543,2
5419302571113e9aa74c7c0a9575333ca539b871a16c86ee92b35170b4ddc52e,ruido,1,0.3071872571872572,2
56d0da5b663ddd49955478c00ca03118c367ff7dd6a646b8c875b0acb207d1c5,ruido,1,0.0,82
58cc121d37fb7f1b4a5252024d88415936781e540252b8f734faeedd29b682d5,ruido,1,0.0034883720930232558,11
5bb8508ff8ec8683fc6a8aa6bd470f6feb3af4eccdca07f51a1ebc9dad67cfb8,ruido,1,0.0032217148655504816,156
5d2c98fd6fda3c7d739461c3b3d4a0c7f8456121a14519dc5955a1775227b053,ruido,1,0.2929516739299348,5
602f267432e7a573e1092f1cf48135c82d0fbc8722bc028b9330ec801a40bb18,ruido,1,0.02957661290322581,5
608ff81c8a0c8b622f6648a9c7f935d85f0c503f515ef2ac3728387be1953ee8,ruido,1,0.08749100899100899,3
610f32e2d9d270d740aec501dcf0c89595e4e623468ad43272adab90520a8f96,ruido,1,0.11907017768106336,22
623cf6987b3fac8f384c09f40d98c5e739c097aa9a9627054542aa27f7d38db1,ruido,1,0.1207888212756367,9
68f833de9f8c631cedd7031b8ed9b908c42cbbc1e14254722728a8b7d596fd4c,ruido,1,0.03668780831571529,18
6aa7dd0c88bec4f96cdd497f9c37779733033d9ec6513307461302d36bd32ac7,ruido,1,0.42935897435897435,1
6af82abb29539000be4696884fc822d3cafcb2105906dc7582c92dccad8948c5,ruido,1,0.458384883996558,11
6b0ac2ab04c09dced54058ec504a4947f8ecd5727dfca7e0b3f69de71d0d31c7,ruido,1,0.004592074592074592,47
6b72b61b80060a9e79a4747f9c5d5af135af9db466681c2d1086f784c7130699,ruido,1,0.003965346170673239,178
6f8197baf738986a1ec3b6ba92b567863d897a739376b7cec5599ad6cecafdfc,ruido,1,0.012602186969729196,92
6fb82031f7fc5f4fa6e0bc2ef3421db19036b5c2cdd2725009ab465d66d61d72,ruido,1,0.24632478632478633,0
709e094e39629a9ca21e187f007b331074694e443db40289447c1111f7e267e7,ruido,1,0.0,61
72b18a405555ad491721e29454e5cd325055ce81a9e78524b56f2c058a4d2327,ruido,1,0.12000000000000002,2
777f7c4269279951ae05b56e806745e613297d411d048c0bce8964afd7d71a4b,ruido,1,0.008695652173913044,41
77ceeb87f560775ac150b8b9b09684ed3e806d0af6f26cce8f10c5fc280f5df2,ruido,1,0.0,12
7978812d0e2e034ee1f9c141f019705582fcaa290e4a01c6c75a62753285cb23,ruido,1,0.0,21
79dfcbc9361edd3a1ffe81a5bdaa22a197ad1341f3fa64b86a646c2607d6b324,ruido,1,0.014202657807308972,63
7af09f98ec299ba0658d759eebc4c34e1c98289ea6ce37f233e9f5e4e2fc84f4,ruido,1,0.4401122892415462,1
7ba20aa731cc21af74a8d940254176cbad1bdc44f240b550341c6d9c27509daa,ruido,1,0.4844773139745916,3
7c318172e976ae5a962c9c7a4e9fe46d7fb985765ddd3a3e2108e893a90b92b2,ruido,1,0.030004824478508683,17
7f4d7b549d0f1a110191e2aded872943d85892bc30667f19fe9de97a5370b08e,ruido,1,0.7240476190476189,1
8175a55b711c948fe383bd3b91b6ca1b9e048a5241e0be13aff31ce2674fbe6d,ruido,1,0.47379515908927666,0
8d9b4205ddb10fa49a2973b4f3a2dc6923407ae015081e1a52c4b4c2fe8faa53,ruido,1,0.4663019280461141,2
8efed2e62c919e6d70a2ab548b1a33014877fe8a23f177ef25a9dee25ffe8842,ruido,1,0.0677429001728371,11
97158b2fe38783d88d4e44ba1b7bc6c84f225f8b35fcccc2f9265c65f14e7c8b,ruido,1,0.3061329795075925,6
9774c82396327929fea05e40ae153cabf0107178b2ae3e40a5709b409793887e,ruido,1,0.17621013317607745,6
9b25b8ffd5f52b6c3d235a42d51d380503d1f80b61ef0f62eeb696f5977c38e6,ruido,1,0.19350649350649352,5
9e4f8ec60a0d622a02c0e16eedcc0101f88ddefbcec2383946c4572b57a1e43a,ruido,1,0.3768077453096607,20
9facc652efe19f634639585d692a53dd6c2a8e2f0c9baebdfd85b9b41ec58851,ruido,1,0.0,15
a3a1b8f9794ef589b71faa9f35fd97ad6761c4488718fbcf766e95e31afa8606,ruido,1,0.40259361959886936,4
a7f6194ddbeaefb1da571226a97785d09ccafc5893ce3c77078d2040bccfcb77,ruido,1,0.005470679505581674,21
a9d884ba0929dac87c2052ce5b15034163685317d7cff45c40b0f7bd9bd4d9e7,ruido,1,0.12417130325902517,7
aa83f5b4fca02ae43a6b9456ab42707b0beabc6e7c5c4e66c0d2572fb80f3615,ruido,1,0.4701090576090576,1
abbfff07379bceb69dba41dad8b0db5eb80cc8baf3d4af87b7ee20b0dac32215,ruido,1,0.02571428571428571,10
ac8169a0debed11560f3f0e246c05ea82d03c66346f1576cc8268554cb3f549f,ruido,1,0.0,19
ad9d305cbf193d4250743ead466bdaefe910835d7e352c544e22320e8336f5c1,ruido,1,0.02722173975973368,18
afa272dc01825d4b929b3bfc79a10f68dd3c163c450d858b964d1ce0bc93e131,ruido,1,0.010150663942798774,71
b3b1626f8ad156acb2963d1faa6a368f9378a266c3b90d9321087fdc5b3032b4,ruido,1,0.0,17
b67a6e5da8b1cfa5319d94a7d3f8b706725753346c37a4636bf7382e98b3c5df,ruido,1,0.19519706128065262,0
b6d50fa22380ae3a7e8c52c5bc44a254e7b2596fd8927980dbe2c160cb5689b5,ruido,1,0.5163966064894858,0
b82548ab19466b461614e6055aaf49fbc24c03a2d20e65575b680c7c28268807,ruido,1,0.5853367883195852,3
b98681c74842c4058bd2f88b06063731c26a90da083b1ef348e0ec734c58752b,ruido,1,0.40964285714285714,1
be771d6831e3f8f1af4696bc08a582f163735db5baf9906e4729acc6a05e1187,ruido,1,0.0009433962264150943,71
c0152b1a260e71f9823d17f4fbb4bf7020d5dce62b4a12b3099c1c8e52a1c43a,ruido,1,0.00611334225792057,34
c169a7782a69ea2f38f64d2739de189e88adbcfd4a829721def8c89ecabe8b71,ruido,1,0.0,2
c35e6e3ea39a718e1b7aff66e4cc678efd662f9b5336b74d69c1d6bca7aaf288,ruido,1,0.2927861993079384,8
c3bec1066aae20f48b82975e7e8b684cd67635a8baf211e4d9e3e13bc54c5d06,ruido,1,0.010612619703528794,22
c6216cdc42f61bc345434986db42e2ef9b9741aee3210b7a808e952e319d2305,ruido,1,0.2041779663426005,11
cf26c41245febfe67c2a1682cc4ee8752ee40ae3e49610314f45923b8bf5b08a,ruido,1,0.42971636517155315,4
d1dbc6ee7c44a7027e935d040e496793186b884a1028d0e26284a206c6f5aff0,ruido,1,0.07861471861471861,11
d3ce382f190ee24729bd2e80684c11bef72bc9c733cdbbc19a17d2c1b2e775f7,ruido,1,0.2389277389277389,0
da8ca06ccbb4e2a8718f7c2939ef6cc3a4088981f660842ad885a8273e740d55,ruido,1,0.4400710550676686,6
dad607a203483439fcbc2acecd0a39fb5e5a94a32a94348f5c802c79cfeb6e7c,ruido,1,0.3885471571939329,4
e52960d31f8bddf85400259beb4521383f5ceface1080be3429f2f926cc9b5c2,ruido,1,0.0,100
e5a7b8a9924b26b3abf039255a8a3bb00258f4966f68ff3349560b4350af9367,ruido,1,0.0,17
ead9464a50a17f74bf1b6471d94ecce8d887cf518c8fedc6c6048eb948bc4e49,ruido,1,0.8138528138528139,0
ed4b8e0d756836be7acb2e2b7799c473b52424e3092a71d3c6d23558e500dc4c,ruido,1,0.6031407440383696,14
f534b43bf37ff946a310a0f08315d76c3fb3394681cf523acef7c0682240072a,ruido,1,0.08676477146042363,8
f728de04267283f0b4daab9a840e7433b2c6034baf195fd526850439c9297687,ruido,1,0.006060606060606061,41
f7eaaf420b5204c4a42577428b7cd897a53ef07b759ccbba3ed30a3548ca5605,ruido,1,0.15637685843568197,4
f81ca7ee25e733ff37240c34c8e3044d9937bb0166e315952ebde3f237ecb86f,ruido,1,0.3308385077566112,3
f8e74d4006dd68c1dbe68df7be905835e00d8ba4916f3b18884509a15fdc0b55,ruido,1,0.0531548109505857,29
fa751ff3a6332c95cb5cb1d28563553914295e9e7d35c4b6bd267241e8a0787c,ruido,1,0.3343206692906727,4
fdda64c47361b0d1a146e5b7b48dc6b7de615ea80b31f01227a3b16469589528,ruido,1,0.15179955906785175,4
003cee89357d9fe13516167fd67b609a164651b21934585648c740d2c3d86dc1,ruido,2,0.005555555555555555,35
0121d6759c5adb290c8e828fc882f37dfaf3663ec885c663859948c154a443ed,ruido,2,0.0,1370
077f026f4ab0f0bcc0856644d99cbf639e443ec4f067d7b708bc6cecac609424,ruido,2,0.010526315789473684,8
08151b19806eebd58e5acec7e138dbfbb1761f41a1ab9620466584ecc7d5fada,ruido,2,0.0,42
08275a5b1c2dfcd739e8c4888a5ee2d29f83eccfa75185404ced1dc0866ea992,ruido,2,0.0,12807
0d2bf916cc8de90d02f4cd4c23ea79b227dbc45d845b4124ffea380c92d34c8c,ruido,2,0.0,9
0ea221716cf13710214dcd331a61cea48308c3940df1d28cfc7fd817c83714e1,ruido,2,3.2268473701193935e-05,2362
139946af9e2c7ef4f0298e622b831dbef5e5c0cd088eb5bc3382f8df9355443d,ruido,2,0.04,9
1631352dbafb8a90f11219fffd3bea368a30bc3bad3bbe0e84e19bd720df4945,ruido,2,0.0,1443
1ec74a26e772966df764e063f1391109a60d803cff9d15680093641ed691bf72,ruido,2,0.00043838298432789195,1319
220b37f4ca7cab486d2b71cd87a46ee7411a5aa142799d96ed98015ab5ba538a,ruido,2,0.0,7
24a20f2a529cede5695df2422a3986505b5826bb10b10781d6db2074cf3de7b3,ruido,2,0.0,1962
2c83c86dd4e5dacc024b55629375567fb8e320a82ef86f541cfe54764040fc25,ruido,2,0.0,143
2f929b067a59f88530b6bfa6f6889bc3a38adf88d594895973d1c8b2549fd93d,ruido,2,0.0,131
30f65741053db713b3f328d31d3234b6fedbe31df65c1a8ea29be28146cab789,ruido,2,0.0,31
3441821ebea04face181c9e2f4d0d09727c764827ac51b9e7fbadbebabeab225,ruido,2,0.0,44
3477024fd843e46097840360f9cdee24b76bf5c593ed27a9aee7a5728a06aa51,ruido,2,0.0,940
34c9f4eb2af8b8f46b1d88b74bde16f4614cd08948c2f1d817eb629afc512e7a,ruido,2,0.0,19
35ca5f142a7d7a3e4b59f1a767a31f87cb00d66348226bc64094ee3d1e46531c,ruido,2,0.0,34
37ed50eea5a1e0bade3e6753793b6caeb061cd4c2f365658c257f69cab1f6288,ruido,2,0.0,96
3a22fe593d9606d4f137461dd6802fd3918f9fbf36f4a65292be69670365e2ca,ruido,2,0.0,4
3bf7873f11823f4b64422f49c8248dd95c0d01f9ae9075ae3d233bbb21a3d875,ruido,2,0.05978007534732797,59
3bfa8b3b01fd24a28477f103063d17368a7398b27331e020f3a0ef59bf68c940,ruido,2,0.0,1863
3ca8181367fc1258a418f7bf5044533c83e02a59c1a96def043295c429c297a8,ruido,2,0.0,29
4596961c789d3b41916492918797724fe75128239fefc516c3ee75322b7926f0,ruido,2,0.0,170
4bf6a5ec42032bb8dbbb10d25fdc5211b2fe1ce44b6e577ef89dbda17697d819,ruido,2,0.07884615384615384,17
4d09672bcf5a2661eea00891bbb8191225a06619a849aece37ad10d9dedbde3e,ruido,2,0.0,1185
4d2cff9a0c8df3a7ef6100fda6f66e865a7670af6a18564767d8019b9ed2fd7b,ruido,2,0.0,124
4e23ecf65040f86420e0201134e538951acdeda84fbb274311f995682044dd64,ruido,2,0.0,1984
4e92129f4e8066d6f560d6022cd343a2245939aa49d8b06cddbd9bfc7e7eeb0e,ruido,2,0.0,1217
516a0e20327d6dfcedcf57e3056115e4fb29cdf4cb349003bdfc75c9b7f5c2cf,ruido,2,0.0,38
52a4ac5a875be7a6c886035d54fb63f5f397dc43508c4831898f6b2f8debc7f3,ruido,2,0.0,19
5419302571113e9aa74c7c0a9575333ca539b871a16c86ee92b35170b4ddc52e,ruido,2,0.0375,7
56d0da5b663ddd49955478c00ca03118c367ff7dd6a646b8c875b0acb207d1c5,ruido,2,0.0,59
58cc121d37fb7f1b4a5252024d88415936781e540252b8f734faeedd29b682d5,ruido,2,0.0,94
5bb8508ff8ec8683fc6a8aa6bd470f6feb3af4eccdca07f51a1ebc9dad67cfb8,ruido,2,0.0,922
5d2c98fd6fda3c7d739461c3b3d4a0c7f8456121a14519dc5955a1775227b053,ruido,2,0.0,39
602f267432e7a573e1092f1cf48135c82d0fbc8722bc028b9330ec801a40bb18,ruido,2,0.0,104
608ff81c8a0c8b622f6648a9c7f935d85f0c503f515ef2ac3728387be1953ee8,ruido,2,0.017163898295973767,25
610f32e2d9d270d740aec501dcf0c89595e4e623468ad43272adab90520a8f96,ruido,2,0.0002854085998037244,1294
623cf6987b3fac8f384c09f40d98c5e739c097aa9a9627054542aa27f7d38db1,ruido,2,0.0,38
68f833de9f8c631cedd7031b8ed9b908c42cbbc1e14254722728a8b7d596fd4c,ruido,2,0.009375,31
6aa7dd0c88bec4f96cdd497f9c37779733033d9ec6513307461302d36bd32ac7,ruido,2,0.030000000000000006,9
6af82abb29539000be4696884fc822d3cafcb2105906dc7582c92dccad8948c5,ruido,2,0.030533456675917357,42
6b0ac2ab04c09dced54058ec504a4947f8ecd5727dfca7e0b3f69de71d0d31c7,ruido,2,0.0,2016
6b72b61b80060a9e79a4747f9c5d5af135af9db466681c2d1086f784c7130699,ruido,2,0.0,13
6f8197baf738986a1ec3b6ba92b567863d897a739376b7cec5599ad6cecafdfc,ruido,2,0.0,743
6fb82031f7fc5f4fa6e0bc2ef3421db19036b5c2cdd2725009ab465d66d61d72,ruido,2,0.1,6
709e094e39629a9ca21e187f007b331074694e443db40289447c1111f7e267e7,ruido,2,0.0,1601
72b18a405555ad491721e29454e5cd325055ce81a9e78524b56f2c058a4d2327,ruido,2,0.00625,3
777f7c4269279951ae05b56e806745e613297d411d048c0bce8964afd7d71a4b,ruido,2,0.0,50
77ceeb87f560775ac150b8b9b09684ed3e806d0af6f26cce8f10c5fc280f5df2,ruido,2,0.0,38
7978812d0e2e034ee1f9c141f019705582fcaa290e4a01c6c75a62753285cb23,ruido,2,0.0,62
79dfcbc9361edd3a1ffe81a5bdaa22a197ad1341f3fa64b86a646c2607d6b324,ruido,2,0.0,488
7af09f98ec299ba0658d759eebc4c34e1c98289ea6ce37f233e9f5e4e2fc84f4,ruido,2,0.0,19
7ba20aa731cc21af74a8d940254176cbad1bdc44f240b550341c6d9c27509daa,ruido,2,0.005555555555555555,17
7c318172e976ae5a962c9c7a4e9fe46d7fb985765ddd3a3e2108e893a90b92b2,ruido,2,0.0,47
7f4d7b549d0f1a110191e2aded872943d85892bc30667f19fe9de97a5370b08e,ruido,2,0.05,9
8175a55b711c948fe383bd3b91b6ca1b9e048a5241e0be13aff31ce2674fbe6d,ruido,2,0.06363636363636363,10
8d9b4205ddb10fa49a2973b4f3a2dc6923407ae015081e1a52c4b4c2fe8faa53,ruido,2,0.023712757830404888,30
8efed2e62c919e6d70a2ab548b1a33014877fe8a23f177ef25a9dee25ffe8842,ruido,2,0.00034292248631871274,1231
97158b2fe38783d88d4e44ba1b7bc6c84f225f8b35fcccc2f9265c65f14e7c8b,ruido,2,0.06,14
9774c82396327929fea05e40ae153cabf0107178b2ae3e40a5709b409793887e,ruido,2,0.09904761904761904,12
9b25b8ffd5f52b6c3d235a42d51d380503d1f80b61ef0f62eeb696f5977c38e6,ruido,2,0.0,15
9e4f8ec60a0d622a02c0e16eedcc0101f88ddefbcec2383946c4572b57a1e43a,ruido,2,0.04243654447725947,48
9facc652efe19f634639585d692a53dd6c2a8e2f0c9baebdfd85b9b41ec58851,ruido,2,0.0,20
a3a1b8f9794ef589b71faa9f35fd97ad6761c4488718fbcf766e95e31afa8606,ruido,2,0.0,27
a7f6194ddbeaefb1da571226a97785d09ccafc5893ce3c77078d2040bccfcb77,ruido,2,0.0,1758
a9d884ba0929dac87c2052ce5b15034163685317d7cff45c40b0f7bd9bd4d9e7,ruido,2,0.0,129
aa83f5b4fca02ae43a6b9456ab42707b0beabc6e7c5c4e66c0d2572fb80f3615,ruido,2,0.0,18
abbfff07379bceb69dba41dad8b0db5eb80cc8baf3d4af87b7ee20b0dac32215,ruido,2,0.0,43
ac8169a0debed11560f3f0e246c05ea82d03c66346f1576cc8268554cb3f549f,ruido,2,0.0,27
ad9d305cbf193d4250743ead466bdaefe910835d7e352c544e22320e8336f5c1,ruido,2,0.0,113
afa272dc01825d4b929b3bfc79a10f68dd3c163c450d858b964d1ce0bc93e131,ruido,2,0.0,428
b3b1626f8ad156acb2963d1faa6a368f9378a266c3b90d9321087fdc5b3032b4,ruido,2,0.0,12
b67a6e5da8b1cfa5319d94a7d3f8b706725753346c37a4636bf7382e98b3c5df,ruido,2,0.045454545454545456,10
b6d50fa22380ae3a7e8c52c5bc44a254e7b2596fd8927980dbe2c160cb5689b5,ruido,2,0.025,15
b82548ab19466b461614e6055aaf49fbc24c03a2d20e65575b680c7c28268807,ruido,2,0.0267425320056899,34
b98681c74842c4058bd2f88b06063731c26a90da083b1ef348e0ec734c58752b,ruido,2,0.0,9
be771d6831e3f8f1af4696bc08a582f163735db5baf9906e4729acc6a05e1187,ruido,2,0.0,1744
c0152b1a260e71f9823d17f4fbb4bf7020d5dce62b4a12b3099c1c8e52a1c43a,ruido,2,0.0,1779
c169a7782a69ea2f38f64d2739de189e88adbcfd4a829721def8c89ecabe8b71,ruido,2,0.0,20
c35e6e3ea39a718e1b7aff66e4cc678efd662f9b5336b74d69c1d6bca7aaf288,ruido,2,0.0013513513513513514,72
c3bec1066aae20f48b82975e7e8b684cd67635a8baf211e4d9e3e13bc54c5d06,ruido,2,0.0,75
c6216cdc42f61bc345434986db42e2ef9b9741aee3210b7a808e952e319d2305,ruido,2,0.03731060606060606,30
cf26c41245febfe67c2a1682cc4ee8752ee40ae3e49610314f45923b8bf5b08a,ruido,2,0.004252136752136752,41
d1dbc6ee7c44a7027e935d040e496793186b884a1028d0e26284a206c6f5aff0,ruido,2,0.0,16
d3ce382f190ee24729bd2e80684c11bef72bc9c733cdbbc19a17d2c1b2e775f7,ruido,2,0.014814814814814814,12
da8ca06ccbb4e2a8718f7c2939ef6cc3a4088981f660842ad885a8273e740d55,ruido,2,0.003278688524590164,58
dad607a203483439fcbc2acecd0a39fb5e5a94a32a94348f5c802c79cfeb6e7c,ruido,2,0.0,49
e52960d31f8bddf85400259beb4521383f5ceface1080be3429f2f926cc9b5c2,ruido,2,0.0,151
e5a7b8a9924b26b3abf039255a8a3bb00258f4966f68ff3349560b4350af9367,ruido,2,0.0,15
ead9464a50a17f74bf1b6471d94ecce8d887cf518c8fedc6c6048eb948bc4e49,ruido,2,0.03268398268398269,11
ed4b8e0d756836be7acb2e2b7799c473b52424e3092a71d3c6d23558e500dc4c,ruido,2,0.07100147310208074,67
f534b43bf37ff946a310a0f08315d76c3fb3394681cf523acef7c0682240072a,ruido,2,0.0,33
f728de04267283f0b4daab9a840e7433b2c6034baf195fd526850439c9297687,ruido,2,0.0,142
f7eaaf420b5204c4a42577428b7cd897a53ef07b759ccbba3ed30a3548ca5605,ruido,2,0.0047619047619047615,21
f81ca7ee25e733ff37240c34c8e3044d9937bb0166e315952ebde3f237ecb86f,ruido,2,0.018553662961630055,50
f8e74d4006dd68c1dbe68df7be905835e00d8ba4916f3b18884509a15fdc0b55,ruido,2,0.005263157894736842,56
fa751ff3a6332c95cb5cb1d28563553914295e9e7d35c4b6bd267241e8a0787c,ruido,2,0.0,39
fdda64c47361b0d1a146e5b7b48dc6b7de615ea80b31f01227a3b16469589528,ruido,2,0.0,29
003cee89357d9fe13516167fd67b609a164651b21934585648c740d2c3d86dc1,ruido,3,0.0017341040462427744,102
0121d6759c5adb290c8e828fc882f37dfaf3663ec885c663859948c154a443ed,ruido,3,0.0,1727
077f026f4ab0f0bcc0856644d99cbf639e443ec4f067d7b708bc6cecac609424,ruido,3,0.0,51
08151b19806eebd58e5acec7e138dbfbb1761f41a1ab9620466584ecc7d5fada,ruido,3,0.0,174
08275a5b1c2dfcd739e8c4888a5ee2d29f83eccfa75185404ced1dc0866ea992,ruido,3,0.0,17930
0d2bf916cc8de90d02f4cd4c23ea79b227dbc45d845b4124ffea380c92d34c8c,ruido,3,0.0,124
0ea221716cf13710214dcd331a61cea48308c3940df1d28cfc7fd817c83714e1,ruido,3,0.0,2835
139946af9e2c7ef4f0298e622b831dbef5e5c0cd088eb5bc3382f8df9355443d,ruido,3,0.0,47
1631352dbafb8a90f11219fffd3bea368a30bc3bad3bbe0e84e19bd720df4945,ruido,3,0.0,1707
1ec74a26e772966df764e063f1391109a60d803cff9d15680093641ed691bf72,ruido,3,0.0,1593
220b37f4ca7cab486d2b71cd87a46ee7411a5aa142799d96ed98015ab5ba538a,ruido,3,0.0,49
24a20f2a529cede5695df2422a3986505b5826bb10b10781d6db2074cf3de7b3,ruido,3,0.0,2056
2c83c86dd4e5dacc024b55629375567fb8e320a82ef86f541cfe54764040fc25,ruido,3,0.0,519
2f929b067a59f88530b6bfa6f6889bc3a38adf88d594895973d1c8b2549fd93d,ruido,3,0.0,175
30f65741053db713b3f328d31d3234b6fedbe31df65c1a8ea29be28146cab789,ruido,3,0.0,63
3441821ebea04face181c9e2f4d0d09727c764827ac51b9e7fbadbebabeab225,ruido,3,0.0,192
3477024fd843e46097840360f9cdee24b76bf5c593ed27a9aee7a5728a06aa51,ruido,3,0.0,1315
34c9f4eb2af8b8f46b1d88b74bde16f4614cd08948c2f1d817eb629afc512e7a,ruido,3,0.0,74
35ca5f142a7d7a3e4b59f1a767a31f87cb00d66348226bc64094ee3d1e46531c,ruido,3,0.0,62
37ed50eea5a1e0bade3e6753793b6caeb061cd4c2f365658c257f69cab1f6288,ruido,3,0.0,131
3a22fe593d9606d4f137461dd6802fd3918f9fbf36f4a65292be69670365e2ca,ruido,3,0.0,130
3bf7873f11823f4b64422f49c8248dd95c0d01f9ae9075ae3d233bbb21a3d875,ruido,3,0.007575757575757576,65
3bfa8b3b01fd24a28477f103063d17368a7398b27331e020f3a0ef59bf68c940,ruido,3,0.0,1965
3ca8181367fc1258a418f7bf5044533c83e02a59c1a96def043295c429c297a8,ruido,3,0.0,163
4596961c789d3b41916492918797724fe75128239fefc516c3ee75322b7926f0,ruido,3,0.0,389
4bf6a5ec42032bb8dbbb10d25fdc5211b2fe1ce44b6e577ef89dbda17697d819,ruido,3,0.030303030303030304,19
4d09672bcf5a2661eea00891bbb8191225a06619a849aece37ad10d9dedbde3e,ruido,3,0.0,1630
4d2cff9a0c8df3a7ef6100fda6f66e865a7670af6a18564767d8019b9ed2fd7b,ruido,3,0.0,363
4e23ecf65040f86420e0201134e538951acdeda84fbb274311f995682044dd64,ruido,3,0.0,2024
4e92129f4e8066d6f560d6022cd343a2245939aa49d8b06cddbd9bfc7e7eeb0e,ruido,3,0.0,1546
516a0e20327d6dfcedcf57e3056115e4fb29cdf4cb349003bdfc75c9b7f5c2cf,ruido,3,0.0,151
52a4ac5a875be7a6c886035d54fb63f5f397dc43508c4831898f6b2f8debc7f3,ruido,3,0.0,66
5419302571113e9aa74c7c0a9575333ca539b871a16c86ee92b35170b4ddc52e,ruido,3,0.0,36
56d0da5b663ddd49955478c00ca03118c367ff7dd6a646b8c875b0acb207d1c5,ruido,3,0.0,182
58cc121d37fb7f1b4a5252024d88415936781e540252b8f734faeedd29b682d5,ruido,3,0.0,160
5bb8508ff8ec8683fc6a8aa6bd470f6feb3af4eccdca07f51a1ebc9dad67cfb8,ruido,3,0.0,1292
5d2c98fd6fda3c7d739461c3b3d4a0c7f8456121a14519dc5955a1775227b053,ruido,3,0.0,98
602f267432e7a573e1092f1cf48135c82d0fbc8722bc028b9330ec801a40bb18,ruido,3,0.0,457
608ff81c8a0c8b622f6648a9c7f935d85f0c503f515ef2ac3728387be1953ee8,ruido,3,0.0025,91
610f32e2d9d270d740aec501dcf0c89595e4e623468ad43272adab90520a8f96,ruido,3,0.0,1651
623cf6987b3fac8f384c09f40d98c5e739c097aa9a9627054542aa27f7d38db1,ruido,3,0.0,72
68f833de9f8c631cedd7031b8ed9b908c42cbbc1e14254722728a8b7d596fd4c,ruido,3,0.0020785357753649127,227
6aa7dd0c88bec4f96cdd497f9c37779733033d9ec6513307461302d36bd32ac7,ruido,3,0.0024390243902439024,104
6af82abb29539000be4696884fc822d3cafcb2105906dc7582c92dccad8948c5,ruido,3,0.0077444925461941675,186
6b0ac2ab04c09dced54058ec504a4947f8ecd5727dfca7e0b3f69de71d0d31c7,ruido,3,0.0,1958
6b72b61b80060a9e79a4747f9c5d5af135af9db466681c2d1086f784c7130699,ruido,3,0.0,338
6f8197baf738986a1ec3b6ba92b567863d897a739376b7cec5599ad6cecafdfc,ruido,3,0.0,1156
6fb82031f7fc5f4fa6e0bc2ef3421db19036b5c2cdd2725009ab465d66d61d72,ruido,3,0.0032520325203252037,110
709e094e39629a9ca21e187f007b331074694e443db40289447c1111f7e267e7,ruido,3,0.0,1806
72b18a405555ad491721e29454e5cd325055ce81a9e78524b56f2c058a4d2327,ruido,3,0.0,46
777f7c4269279951ae05b56e806745e613297d411d048c0bce8964afd7d71a4b,ruido,3,0.0,223
77ceeb87f560775ac150b8b9b09684ed3e806d0af6f26cce8f10c5fc280f5df2,ruido,3,0.0,74
7978812d0e2e034ee1f9c141f019705582fcaa290e4a01c6c75a62753285cb23,ruido,3,0.0,215
79dfcbc9361edd3a1ffe81a5bdaa22a197ad1341f3fa64b86a646c2607d6b324,ruido,3,0.0,859
7af09f98ec299ba0658d759eebc4c34e1c98289ea6ce37f233e9f5e4e2fc84f4,ruido,3,0.0,66
7ba20aa731cc21af74a8d940254176cbad1bdc44f240b550341c6d9c27509daa,ruido,3,0.0,57
7c318172e976ae5a962c9c7a4e9fe46d7fb985765ddd3a3e2108e893a90b92b2,ruido,3,0.0,106
7f4d7b549d0f1a110191e2aded872943d85892bc30667f19fe9de97a5370b08e,ruido,3,0.0,105
8175a55b711c948fe383bd3b91b6ca1b9e048a5241e0be13aff31ce2674fbe6d,ruido,3,0.0,53
8d9b4205ddb10fa49a2973b4f3a2dc6923407ae015081e1a52c4b4c2fe8faa53,ruido,3,0.0006535947712418301,88
8efed2e62c919e6d70a2ab548b1a33014877fe8a23f177ef25a9dee25ffe8842,ruido,3,0.0,1603
97158b2fe38783d88d4e44ba1b7bc6c84f225f8b35fcccc2f9265c65f14e7c8b,ruido,3,0.006590811507084586,108
9774c82396327929fea05e40ae153cabf0107178b2ae3e40a5709b409793887e,ruido,3,0.04285714285714286,13
9b25b8ffd5f52b6c3d235a42d51d380503d1f80b61ef0f62eeb696f5977c38e6,ruido,3,0.0,53
9e4f8ec60a0d622a02c0e16eedcc0101f88ddefbcec2383946c4572b57a1e43a,ruido,3,0.028687532494398482,98
9facc652efe19f634639585d692a53dd6c2a8e2f0c9baebdfd85b9b41ec58851,ruido,3,0.0,120
a3a1b8f9794ef589b71faa9f35fd97ad6761c4488718fbcf766e95e31afa8606,ruido,3,0.0,74
a7f6194ddbeaefb1da571226a97785d09ccafc5893ce3c77078d2040bccfcb77,ruido,3,0.0,1855
a9d884ba0929dac87c2052ce5b15034163685317d7cff45c40b0f7bd9bd4d9e7,ruido,3,0.0,181
aa83f5b4fca02ae43a6b9456ab42707b0beabc6e7c5c4e66c0d2572fb80f3615,ruido,3,0.0,50
abbfff07379bceb69dba41dad8b0db5eb80cc8baf3d4af87b7ee20b0dac32215,ruido,3,0.0,84
ac8169a0debed11560f3f0e246c05ea82d03c66346f1576cc8268554cb3f549f,ruido,3,0.0,151
ad9d305cbf193d4250743ead466bdaefe910835d7e352c544e22320e8336f5c1,ruido,3,0.0,330
afa272dc01825d4b929b3bfc79a10f68dd3c163c450d858b964d1ce0bc93e131,ruido,3,0.0,805
b3b1626f8ad156acb2963d1faa6a368f9378a266c3b90d9321087fdc5b3032b4,ruido,3,0.0,116
b67a6e5da8b1cfa5319d94a7d3f8b706725753346c37a4636bf7382e98b3c5df,ruido,3,0.0,119
b6d50fa22380ae3a7e8c52c5bc44a254e7b2596fd8927980dbe2c160cb5689b5,ruido,3,0.002803738317757009,76
b82548ab19466b461614e6055aaf49fbc24c03a2d20e65575b680c7c28268807,ruido,3,0.002388123161960103,96
b98681c74842c4058bd2f88b06063731c26a90da083b1ef348e0ec734c58752b,ruido,3,0.0,40
be771d6831e3f8f1af4696bc08a582f163735db5baf9906e4729acc6a05e1187,ruido,3,0.0,1891
c0152b1a260e71f9823d17f4fbb4bf7020d5dce62b4a12b3099c1c8e52a1c43a,ruido,3,0.0,1780
c169a7782a69ea2f38f64d2739de189e88adbcfd4a829721def8c89ecabe8b71,ruido,3,0.0,139
c35e6e3ea39a718e1b7aff66e4cc678efd662f9b5336b74d69c1d6bca7aaf288,ruido,3,0.0,38
c3bec1066aae20f48b82975e7e8b684cd67635a8baf211e4d9e3e13bc54c5d06,ruido,3,0.0,178
c6216cdc42f61bc345434986db42e2ef9b9741aee3210b7a808e952e319d2305,ruido,3,0.01710170952925136,96
cf26c41245febfe67c2a1682cc4ee8752ee40ae3e49610314f45923b8bf5b08a,ruido,3,0.0,99
d1dbc6ee7c44a7027e935d040e496793186b884a1028d0e26284a206c6f5aff0,ruido,3,0.023529411764705882,16
d3ce382f190ee24729bd2e80684c11bef72bc9c733cdbbc19a17d2c1b2e775f7,ruido,3,0.0,53
da8ca06ccbb4e2a8718f7c2939ef6cc3a4088981f660842ad885a8273e740d55,ruido,3,0.0,97
dad607a203483439fcbc2acecd0a39fb5e5a94a32a94348f5c802c79cfeb6e7c,ruido,3,0.0,132
e52960d31f8bddf85400259beb4521383f5ceface1080be3429f2f926cc9b5c2,ruido,3,0.0,417
e5a7b8a9924b26b3abf039255a8a3bb00258f4966f68ff3349560b4350af9367,ruido,3,0.0,147
ead9464a50a17f74bf1b6471d94ecce8d887cf518c8fedc6c6048eb948bc4e49,ruido,3,0.0,67
ed4b8e0d756836be7acb2e2b7799c473b52424e3092a71d3c6d23558e500dc4c,ruido,3,0.002631578947368421,75
f534b43bf37ff946a310a0f08315d76c3fb3394681cf523acef7c0682240072a,ruido,3,0.0,96
f728de04267283f0b4daab9a840e7433b2c6034baf195fd526850439c9297687,ruido,3,0.0,428
f7eaaf420b5204c4a42577428b7cd897a53ef07b759ccbba3ed30a3548ca5605,ruido,3,0.0,63
f81ca7ee25e733ff37240c34c8e3044d9937bb0166e315952ebde3f237ecb86f,ruido,3,0.001775147928994083,130
f8e74d4006dd68c1dbe68df7be905835e00d8ba4916f3b18884509a15fdc0b55,ruido,3,0.0,62
fa751ff3a6332c95cb5cb1d28563553914295e9e7d35c4b6bd267241e8a0787c,ruido,3,0.0,97
fdda64c47361b0d1a146e5b7b48dc6b7de615ea80b31f01227a3b16469589528,ruido,3,0.0,125
003cee89357d9fe13516167fd67b609a164651b21934585648c740d2c3d86dc1,blur,1,0.7858443713823229,1
0121d6759c5adb290c8e828fc882f37dfaf3663ec885c663859948c154a443ed,blur,1,0.11950652671512889,33
077f026f4ab0f0bcc0856644d99cbf639e443ec4f067d7b708bc6cecac609424,blur,1,0.8090909090909092,0
08151b19806eebd58e5acec7e138dbfbb1761f41a1ab9620466584ecc7d5fada,blur,1,0.5729609073359073,5
08275a5b1c2dfcd739e8c4888a5ee2d29f83eccfa75185404ced1dc0866ea992,blur,1,0.1117669991874847,38
0d2bf916cc8de90d02f4cd4c23ea79b227dbc45d845b4124ffea380c92d34c8c,blur,1,0.5668196764871957,2
0ea221716cf13710214dcd331a61cea48308c3940df1d28cfc7fd817c83714e1,blur,1,0.029854717017480693,251
139946af9e2c7ef4f0298e622b831dbef5e5c0cd088eb5bc3382f8df9355443d,blur,1,0.5749564161328867,0
1631352dbafb8a90f11219fffd3bea368a30bc3bad3bbe0e84e19bd720df4945,blur,1,0.3444820608573055,2
1ec74a26e772966df764e063f1391109a60d803cff9d15680093641ed691bf72,blur,1,0.28728442456890735,6
220b37f4ca7cab486d2b71cd87a46ee7411a5aa142799d96ed98015ab5ba538a,blur,1,0.13333333333333333,2
24a20f2a529cede5695df2422a3986505b5826bb10b10781d6db2074cf3de7b3,blur,1,0.4402550493881764,13
2c83c86dd4e5dacc024b55629375567fb8e320a82ef86f541cfe54764040fc25,blur,1,0.499393283752599,0
2f929b067a59f88530b6bfa6f6889bc3a38adf88d594895973d1c8b2549fd93d,blur,1,0.18636388148570715,7
30f65741053db713b3f328d31d3234b6fedbe31df65c1a8ea29be28146cab789,blur,1,0.3184734019198787,3
3441821ebea04face181c9e2f4d0d09727c764827ac51b9e7fbadbebabeab225,blur,1,0.5267270823791141,8
3477024fd843e46097840360f9cdee24b76bf5c593ed27a9aee7a5728a06aa51,blur,1,0.4146577244060081,10
34c9f4eb2af8b8f46b1d88b74bde16f4614cd08948c2f1d817eb629afc512e7a,blur,1,0.7946116383616385,1
35ca5f142a7d7a3e4b59f1a767a31f87cb00d66348226bc64094ee3d1e46531c,blur,1,0.2294433235609706,7
37ed50eea5a1e0bade3e6753793b6caeb061cd4c2f365658c257f69cab1f6288,blur,1,0.23479428693520435,6
3a22fe593d9606d4f137461dd6802fd3918f9fbf36f4a65292be69670365e2ca,blur,1,0.5204940519632171,2
3bf7873f11823f4b64422f49c8248dd95c0d01f9ae9075ae3d233bbb21a3d875,blur,1,0.3990955617526591,14
3bfa8b3b01fd24a28477f103063d17368a7398b27331e020f3a0ef59bf68c940,blur,1,0.07371820059252679,37
3ca8181367fc1258a418f7bf5044533c83e02a59c1a96def043295c429c297a8,blur,1,0.5583604479256653,0
4596961c789d3b41916492918797724fe75128239fefc516c3ee75322b7926f0,blur,1,0.5811920624257335,14
4bf6a5ec42032bb8dbbb10d25fdc5211b2fe1ce44b6e577ef89dbda17697d819,blur,1,0.09173254281949934,18
4d09672bcf5a2661eea00891bbb8191225a06619a849aece37ad10d9dedbde3e,blur,1,0.4817692488119934,3
4d2cff9a0c8df3a7ef6100fda6f66e865a7670af6a18564767d8019b9ed2fd7b,blur,1,0.6708431706161208,10
4e23ecf65040f86420e0201134e538951acdeda84fbb274311f995682044dd64,blur,1,0.46109721548034066,2
4e92129f4e8066d6f560d6022cd343a2245939aa49d8b06cddbd9bfc7e7eeb0e,blur,1,0.26549027689004057,10
516a0e20327d6dfcedcf57e3056115e4fb29cdf4cb349003bdfc75c9b7f5c2cf,blur,1,0.4917778517778518,4
52a4ac5a875be7a6c886035d54fb63f5f397dc43508c4831898f6b2f8debc7f3,blur,1,0.7244444444444444,1
5419302571113e9aa74c7c0a9575333ca539b871a16c86ee92b35170b4ddc52e,blur,1,0.6262111499611499,1
56d0da5b663ddd49955478c00ca03118c367ff7dd6a646b8c875b0acb207d1c5,blur,1,0.553398146393836,3
58cc121d37fb7f1b4a5252024d88415936781e540252b8f734faeedd29b682d5,blur,1,0.18599052765919913,7
5bb8508ff8ec8683fc6a8aa6bd470f6feb3af4eccdca07f51a1ebc9dad67cfb8,blur,1,0.49074832172658256,7
5d2c98fd6fda3c7d739461c3b3d4a0c7f8456121a14519dc5955a1775227b053,blur,1,0.4481626075461652,8
602f267432e7a573e1092f1cf48135c82d0fbc8722bc028b9330ec801a40bb18,blur,1,0.41065562427703045,1
608ff81c8a0c8b622f6648a9c7f935d85f0c503f515ef2ac3728387be1953ee8,blur,1,0.2953694979135819,6
610f32e2d9d270d740aec501dcf0c89595e4e623468ad43272adab90520a8f96,blur,1,0.2759970492259748,12
623cf6987b3fac8f384c09f40d98c5e739c097aa9a9627054542aa27f7d38db1,blur,1,0.4679105441174406,2
68f833de9f8c631cedd7031b8ed9b908c42cbbc1e14254722728a8b7d596fd4c,blur,1,0.073128624575993,23
6aa7dd0c88bec4f96cdd497f9c37779733033d9ec6513307461302d36bd32ac7,blur,1,0.5297979797979797,1
6af82abb29539000be4696884fc822d3cafcb2105906dc7582c92dccad8948c5,blur,1,0.35538977323724297,3
6b0ac2ab04c09dced54058ec504a4947f8ecd5727dfca7e0b3f69de71d0d31c7,blur,1,0.3927095737080257,1
6b72b61b80060a9e79a4747f9c5d5af135af9db466681c2d1086f784c7130699,blur,1,0.5165155950746505,29
6f8197baf738986a1ec3b6ba92b567863d897a739376b7cec5599ad6cecafdfc,blur,1,0.3976526672960619,4
6fb82031f7fc5f4fa6e0bc2ef3421db19036b5c2cdd2725009ab465d66d61d72,blur,1,0.5233333333333333,0
709e094e39629a9ca21e187f007b331074694e443db40289447c1111f7e267e7,blur,1,0.321429940566408,3
72b18a405555ad491721e29454e5cd325055ce81a9e78524b56f2c058a4d2327,blur,1,0.6460714285714285,1
777f7c4269279951ae05b56e806745e613297d411d048c0bce8964afd7d71a4b,blur,1,0.3595937247470861,17
77ceeb87f560775ac150b8b9b09684ed3e806d0af6f26cce8f10c5fc280f5df2,blur,1,0.21971605208258538,1
7978812d0e2e034ee1f9c141f019705582fcaa290e4a01c6c75a62753285cb23,blur,1,0.879579185520362,1
79dfcbc9361edd3a1ffe81a5bdaa22a197ad1341f3fa64b86a646c2607d6b324,blur,1,0.7816849816849817,0
7af09f98ec299ba0658d759eebc4c34e1c98289ea6ce37f233e9f5e4e2fc84f4,blur,1,0.6966454598033546,0
7ba20aa731cc21af74a8d940254176cbad1bdc44f240b550341c6d9c27509daa,blur,1,0.6545109649122807,3
7c318172e976ae5a962c9c7a4e9fe46d7fb985765ddd3a3e2108e893a90b92b2,blur,1,0.33033665195626155,13
7f4d7b549d0f1a110191e2aded872943d85892bc30667f19fe9de97a5370b08e,blur,1,0.5970647773279352,1
8175a55b711c948fe383bd3b91b6ca1b9e048a5241e0be13aff31ce2674fbe6d,blur,1,0.8127450980392158,0
8d9b4205ddb10fa49a2973b4f3a2dc6923407ae015081e1a52c4b4c2fe8faa53,blur,1,0.6893303859261306,2
8efed2e62c919e6d70a2ab548b1a33014877fe8a23f177ef25a9dee25ffe8842,blur,1,0.12872708558205184,117
97158b2fe38783d88d4e44ba1b7bc6c84f225f8b35fcccc2f9265c65f14e7c8b,blur,1,0.2959399131252678,1
9774c82396327929fea05e40ae153cabf0107178b2ae3e40a5709b409793887e,blur,1,0.20946969696969697,3
9b25b8ffd5f52b6c3d235a42d51d380503d1f80b61ef0f62eeb696f5977c38e6,blur,1,0.6034090909090909,2
9e4f8ec60a0d622a02c0e16eedcc0101f88ddefbcec2383946c4572b57a1e43a,blur,1,0.32306652158449184,21
9facc652efe19f634639585d692a53dd6c2a8e2f0c9baebdfd85b9b41ec58851,blur,1,0.5342680308197549,6
a3a1b8f9794ef589b71faa9f35fd97ad6761c4488718fbcf766e95e31afa8606,blur,1,0.4723637903204466,4
a7f6194ddbeaefb1da571226a97785d09ccafc5893ce3c77078d2040bccfcb77,blur,1,0.1624665214148085,30
a9d884ba0929dac87c2052ce5b15034163685317d7cff45c40b0f7bd9bd4d9e7,blur,1,0.49826946760893387,5
aa83f5b4fca02ae43a6b9456ab42707b0beabc6e7c5c4e66c0d2572fb80f3615,blur,1,0.7363636363636363,1
abbfff07379bceb69dba41dad8b0db5eb80cc8baf3d4af87b7ee20b0dac32215,blur,1,0.5586668983443177,6
ac8169a0debed11560f3f0e246c05ea82d03c66346f1576cc8268554cb3f549f,blur,1,0.4772321248334612,4
ad9d305cbf193d4250743ead466bdaefe910835d7e352c544e22320e8336f5c1,blur,1,0.30044614931525243,6
afa272dc01825d4b929b3bfc79a10f68dd3c163c450d858b964d1ce0bc93e131,blur,1,0.7393939393939395,1
b3b1626f8ad156acb2963d1faa6a368f9378a266c3b90d9321087fdc5b3032b4,blur,1,0.5584039832952941,5
b67a6e5da8b1cfa5319d94a7d3f8b706725753346c37a4636bf7382e98b3c5df,blur,1,0.46636500754147814,2
b6d50fa22380ae3a7e8c52c5bc44a254e7b2596fd8927980dbe2c160cb5689b5,blur,1,0.6507013574660634,1
b82548ab19466b461614e6055aaf49fbc24c03a2d20e65575b680c7c28268807,blur,1,0.7445988554647298,2
b98681c74842c4058bd2f88b06063731c26a90da083b1ef348e0ec734c58752b,blur,1,0.8428571428571429,0
be771d6831e3f8f1af4696bc08a582f163735db5baf9906e4729acc6a05e1187,blur,1,0.20338505032812434,1
c0152b1a260e71f9823d17f4fbb4bf7020d5dce62b4a12b3099c1c8e52a1c43a,blur,1,0.11299087730956474,14
c169a7782a69ea2f38f64d2739de189e88adbcfd4a829721def8c89ecabe8b71,blur,1,0.4827217388022687,2
c35e6e3ea39a718e1b7aff66e4cc678efd662f9b5336b74d69c1d6bca7aaf288,blur,1,0.5077867049800616,5
c3bec1066aae20f48b82975e7e8b684cd67635a8baf211e4d9e3e13bc54c5d06,blur,1,0.22484483969897573,24
c6216cdc42f61bc345434986db42e2ef9b9741aee3210b7a808e952e319d2305,blur,1,0.14858203069672632,8
cf26c41245febfe67c2a1682cc4ee8752ee40ae3e49610314f45923b8bf5b08a,blur,1,0.4939364263809294,3
d1dbc6ee7c44a7027e935d040e496793186b884a1028d0e26284a206c6f5aff0,blur,1,0.13282524493050807,11
d3ce382f190ee24729bd2e80684c11bef72bc9c733cdbbc19a17d2c1b2e775f7,blur,1,0.5541666666666666,1
da8ca06ccbb4e2a8718f7c2939ef6cc3a4088981f660842ad885a8273e740d55,blur,1,0.42542859135369226,9
dad607a203483439fcbc2acecd0a39fb5e5a94a32a94348f5c802c79cfeb6e7c,blur,1,0.6763311516469945,4
e52960d31f8bddf85400259beb4521383f5ceface1080be3429f2f926cc9b5c2,blur,1,0.651146171136814,14
e5a7b8a9924b26b3abf039255a8a3bb00258f4966f68ff3349560b4350af9367,blur,1,0.44436780143652516,6
ead9464a50a17f74bf1b6471d94ecce8d887cf518c8fedc6c6048eb948bc4e49,blur,1,0.7761904761904762,0
ed4b8e0d756836be7acb2e2b7799c473b52424e3092a71d3c6d23558e500dc4c,blur,1,0.50671362003606,6
f534b43bf37ff946a310a0f08315d76c3fb3394681cf523acef7c0682240072a,blur,1,0.5458106473079251,3
f728de04267283f0b4daab9a840e7433b2c6034baf195fd526850439c9297687,blur,1,0.2827723653520442,19
f7eaaf420b5204c4a42577428b7cd897a53ef07b759ccbba3ed30a3548ca5605,blur,1,0.7850202429149797,0
f81ca7ee25e733ff37240c34c8e3044d9937bb0166e315952ebde3f237ecb86f,blur,1,0.4777134717134718,1
f8e74d4006dd68c1dbe68df7be905835e00d8ba4916f3b18884509a15fdc0b55,blur,1,0.3832355770340219,20
fa751ff3a6332c95cb5cb1d28563553914295e9e7d35c4b6bd267241e8a0787c,blur,1,0.647264770055316,5
fdda64c47361b0d1a146e5b7b48dc6b7de615ea80b31f01227a3b16469589528,blur,1,0.3693336950117563,7
003cee89357d9fe13516167fd67b609a164651b21934585648c740d2c3d86dc1,blur,2,0.5721944706754638,2
0121d6759c5adb290c8e828fc882f37dfaf3663ec885c663859948c154a443ed,blur,2,0.13395323157317376,36
077f026f4ab0f0bcc0856644d99cbf639e443ec4f067d7b708bc6cecac609424,blur,2,0.62,0
08151b19806eebd58e5acec7e138dbfbb1761f41a1ab9620466584ecc7d5fada,blur,2,0.5683755760368664,5
08275a5b1c2dfcd739e8c4888a5ee2d29f83eccfa75185404ced1dc0866ea992,blur,2,0.12878633522874455,1
0d2bf916cc8de90d02f4cd4c23ea79b227dbc45d845b4124ffea380c92d34c8c,blur,2,0.5527979373567609,2
0ea221716cf13710214dcd331a61cea48308c3940df1d28cfc7fd817c83714e1,blur,2,0.01712076923532938,267
139946af9e2c7ef4f0298e622b831dbef5e5c0cd088eb5bc3382f8df9355443d,blur,2,0.48810160427807486,0
1631352dbafb8a90f11219fffd3bea368a30bc3bad3bbe0e84e19bd720df4945,blur,2,0.3053227796005493,5
1ec74a26e772966df764e063f1391109a60d803cff9d15680093641ed691bf72,blur,2,0.2781859131859131,9
220b37f4ca7cab486d2b71cd87a46ee7411a5aa142799d96ed98015ab5ba538a,blur,2,0.075,3
24a20f2a529cede5695df2422a3986505b5826bb10b10781d6db2074cf3de7b3,blur,2,0.3867243496768528,12
2c83c86dd4e5dacc024b55629375567fb8e320a82ef86f541cfe54764040fc25,blur,2,0.35779033927129134,1
2f929b067a59f88530b6bfa6f6889bc3a38adf88d594895973d1c8b2549fd93d,blur,2,0.22852663188865,9
30f65741053db713b3f328d31d3234b6fedbe31df65c1a8ea29be28146cab789,blur,2,0.4203420078474916,3
3441821ebea04face181c9e2f4d0d09727c764827ac51b9e7fbadbebabeab225,blur,2,0.4618776474421636,9
3477024fd843e46097840360f9cdee24b76bf5c593ed27a9aee7a5728a06aa51,blur,2,0.32230583917440736,9
34c9f4eb2af8b8f46b1d88b74bde16f4614cd08948c2f1d817eb629afc512e7a,blur,2,0.6067871440154049,1
35ca5f142a7d7a3e4b59f1a767a31f87cb00d66348226bc64094ee3d1e46531c,blur,2,0.28418314249699916,7
37ed50eea5a1e0bade3e6753793b6caeb061cd4c2f365658c257f69cab1f6288,blur,2,0.26857190250167884,7
3a22fe593d9606d4f137461dd6802fd3918f9fbf36f4a65292be69670365e2ca,blur,2,0.5024940519632171,2
3bf7873f11823f4b64422f49c8248dd95c0d01f9ae9075ae3d233bbb21a3d875,blur,2,0.27330441503506536,13
3bfa8b3b01fd24a28477f103063d17368a7398b27331e020f3a0ef59bf68c940,blur,2,0.0877501170838649,38
3ca8181367fc1258a418f7bf5044533c83e02a59c1a96def043295c429c297a8,blur,2,0.5583604479256653,0
4596961c789d3b41916492918797724fe75128239fefc516c3ee75322b7926f0,blur,2,0.4917264417421521,24
4bf6a5ec42032bb8dbbb10d25fdc5211b2fe1ce44b6e577ef89dbda17697d819,blur,2,0.06450724637681159,18
4d09672bcf5a2661eea00891bbb8191225a06619a849aece37ad10d9dedbde3e,blur,2,0.41145645590478425,1
4d2cff9a0c8df3a7ef6100fda6f66e865a7670af6a18564767d8019b9ed2fd7b,blur,2,0.6490899726894053,11
4e23ecf65040f86420e0201134e538951acdeda84fbb274311f995682044dd64,blur,2,0.3996610601582512,4
4e92129f4e8066d6f560d6022cd343a2245939aa49d8b06cddbd9bfc7e7eeb0e,blur,2,0.29385847176085134,12
516a0e20327d6dfcedcf57e3056115e4fb29cdf4cb349003bdfc75c9b7f5c2cf,blur,2,0.48485144485144493,4
52a4ac5a875be7a6c886035d54fb63f5f397dc43508c4831898f6b2f8debc7f3,blur,2,0.5703525641025641,1
5419302571113e9aa74c7c0a9575333ca539b871a16c86ee92b35170b4ddc52e,blur,2,0.5217316017316017,1
56d0da5b663ddd49955478c00ca03118c367ff7dd6a646b8c875b0acb207d1c5,blur,2,0.5416467852323115,3
58cc121d37fb7f1b4a5252024d88415936781e540252b8f734faeedd29b682d5,blur,2,0.21318568267551502,10
5bb8508ff8ec8683fc6a8aa6bd470f6feb3af4eccdca07f51a1ebc9dad67cfb8,blur,2,0.44493909191583614,4
5d2c98fd6fda3c7d739461c3b3d4a0c7f8456121a14519dc5955a1775227b053,blur,2,0.4023654141702259,8
602f267432e7a573e1092f1cf48135c82d0fbc8722bc028b9330ec801a40bb18,blur,2,0.28943078452256954,0
608ff81c8a0c8b622f6648a9c7f935d85f0c503f515ef2ac3728387be1953ee8,blur,2,0.14934153565732514,6
610f32e2d9d270d740aec501dcf0c89595e4e623468ad43272adab90520a8f96,blur,2,0.2546154671575329,14
623cf6987b3fac8f384c09f40d98c5e739c097aa9a9627054542aa27f7d38db1,blur,2,0.3688211168485559,3
68f833de9f8c631cedd7031b8ed9b908c42cbbc1e14254722728a8b7d596fd4c,blur,2,0.06978844169246647,25
6aa7dd0c88bec4f96cdd497f9c37779733033d9ec6513307461302d36bd32ac7,blur,2,0.3682016594516595,1
6af82abb29539000be4696884fc822d3cafcb2105906dc7582c92dccad8948c5,blur,2,0.17687108747810712,2
6b0ac2ab04c09dced54058ec504a4947f8ecd5727dfca7e0b3f69de71d0d31c7,blur,2,0.37305836707152495,1
6b72b61b80060a9e79a4747f9c5d5af135af9db466681c2d1086f784c7130699,blur,2,0.44489916155714626,40
6f8197baf738986a1ec3b6ba92b567863d897a739376b7cec5599ad6cecafdfc,blur,2,0.2812537466308814,6
6fb82031f7fc5f4fa6e0bc2ef3421db19036b5c2cdd2725009ab465d66d61d72,blur,2,0.40047008547008545,0
709e094e39629a9ca21e187f007b331074694e443db40289447c1111f7e267e7,blur,2,0.3280904280904281,4
72b18a405555ad491721e29454e5cd325055ce81a9e78524b56f2c058a4d2327,blur,2,0.5800505050505051,0
777f7c4269279951ae05b56e806745e613297d411d048c0bce8964afd7d71a4b,blur,2,0.29624124373180977,20
77ceeb87f560775ac150b8b9b09684ed3e806d0af6f26cce8f10c5fc280f5df2,blur,2,0.28141376253605355,2
7978812d0e2e034ee1f9c141f019705582fcaa290e4a01c6c75a62753285cb23,blur,2,0.8684814814814816,1
79dfcbc9361edd3a1ffe81a5bdaa22a197ad1341f3fa64b86a646c2607d6b324,blur,2,0.6300908521303259,1
7af09f98ec299ba0658d759eebc4c34e1c98289ea6ce37f233e9f5e4e2fc84f4,blur,2,0.548901098901099,0
7ba20aa731cc21af74a8d940254176cbad1bdc44f240b550341c6d9c27509daa,blur,2,0.5559373493078021,2
7c318172e976ae5a962c9c7a4e9fe46d7fb985765ddd3a3e2108e893a90b92b2,blur,2,0.28344067142709756,14
7f4d7b549d0f1a110191e2aded872943d85892bc30667f19fe9de97a5370b08e,blur,2,0.37339544513457557,4
8175a55b711c948fe383bd3b91b6ca1b9e048a5241e0be13aff31ce2674fbe6d,blur,2,0.6566666666666666,0
8d9b4205ddb10fa49a2973b4f3a2dc6923407ae015081e1a52c4b4c2fe8faa53,blur,2,0.5236587068845133,2
8efed2e62c919e6d70a2ab548b1a33014877fe8a23f177ef25a9dee25ffe8842,blur,2,0.07688751973480472,143
97158b2fe38783d88d4e44ba1b7bc6c84f225f8b35fcccc2f9265c65f14e7c8b,blur,2,0.11851767395245656,1
9774c82396327929fea05e40ae153cabf0107178b2ae3e40a5709b409793887e,blur,2,0.08675324675324676,4
9b25b8ffd5f52b6c3d235a42d51d380503d1f80b61ef0f62eeb696f5977c38e6,blur,2,0.4752529823118058,2
9e4f8ec60a0d622a02c0e16eedcc0101f88ddefbcec2383946c4572b57a1e43a,blur,2,0.23944392926399893,18
9facc652efe19f634639585d692a53dd6c2a8e2f0c9baebdfd85b9b41ec58851,blur,2,0.5310934276451518,6
a3a1b8f9794ef589b71faa9f35fd97ad6761c4488718fbcf766e95e31afa8606,blur,2,0.3784141726866185,4
a7f6194ddbeaefb1da571226a97785d09ccafc5893ce3c77078d2040bccfcb77,blur,2,0.16328965561871914,39
a9d884ba0929dac87c2052ce5b15034163685317d7cff45c40b0f7bd9bd4d9e7,blur,2,0.35905178885970684,6
aa83f5b4fca02ae43a6b9456ab42707b0beabc6e7c5c4e66c0d2572fb80f3615,blur,2,0.5475274725274726,1
abbfff07379bceb69dba41dad8b0db5eb80cc8baf3d4af87b7ee20b0dac32215,blur,2,0.5178550799835743,7
ac8169a0debed11560f3f0e246c05ea82d03c66346f1576cc8268554cb3f549f,blur,2,0.46944849586080784,4
ad9d305cbf193d4250743ead466bdaefe910835d7e352c544e22320e8336f5c1,blur,2,0.2918417010830804,4
afa272dc01825d4b929b3bfc79a10f68dd3c163c450d858b964d1ce0bc93e131,blur,2,0.5470715249662618,2
b3b1626f8ad156acb2963d1faa6a368f9378a266c3b90d9321087fdc5b3032b4,blur,2,0.5534644671662619,5
b67a6e5da8b1cfa5319d94a7d3f8b706725753346c37a4636bf7382e98b3c5df,blur,2,0.3053418803418803,2
b6d50fa22380ae3a7e8c52c5bc44a254e7b2596fd8927980dbe2c160cb5689b5,blur,2,0.5227282432524238,1
b82548ab19466b461614e6055aaf49fbc24c03a2d20e65575b680c7c28268807,blur,2,0.48618227985614243,4
b98681c74842c4058bd2f88b06063731c26a90da083b1ef348e0ec734c58752b,blur,2,0.825,0
be771d6831e3f8f1af4696bc08a582f163735db5baf9906e4729acc6a05e1187,blur,2,0.18800445930880713,4
c0152b1a260e71f9823d17f4fbb4bf7020d5dce62b4a12b3099c1c8e52a1c43a,blur,2,0.12412681826474929,16
c169a7782a69ea2f38f64d2739de189e88adbcfd4a829721def8c89ecabe8b71,blur,2,0.4840354458759631,3
c35e6e3ea39a718e1b7aff66e4cc678efd662f9b5336b74d69c1d6bca7aaf288,blur,2,0.34695354314073634,6
c3bec1066aae20f48b82975e7e8b684cd67635a8baf211e4d9e3e13bc54c5d06,blur,2,0.22853549176048843,27
c6216cdc42f61bc345434986db42e2ef9b9741aee3210b7a808e952e319d2305,blur,2,0.08804789103860595,10
cf26c41245febfe67c2a1682cc4ee8752ee40ae3e49610314f45923b8bf5b08a,blur,2,0.38503110744344815,3
d1dbc6ee7c44a7027e935d040e496793186b884a1028d0e26284a206c6f5aff0,blur,2,0.08347491638795987,7
d3ce382f190ee24729bd2e80684c11bef72bc9c733cdbbc19a17d2c1b2e775f7,blur,2,0.4113095238095238,1
da8ca06ccbb4e2a8718f7c2939ef6cc3a4088981f660842ad885a8273e740d55,blur,2,0.28381773584543457,11
dad607a203483439fcbc2acecd0a39fb5e5a94a32a94348f5c802c79cfeb6e7c,blur,2,0.5258049981055616,6
e52960d31f8bddf85400259beb4521383f5ceface1080be3429f2f926cc9b5c2,blur,2,0.6283281978202206,15
e5a7b8a9924b26b3abf039255a8a3bb00258f4966f68ff3349560b4350af9367,blur,2,0.45108716902545787,6
ead9464a50a17f74bf1b6471d94ecce8d887cf518c8fedc6c6048eb948bc4e49,blur,2,0.6305194805194805,0
ed4b8e0d756836be7acb2e2b7799c473b52424e3092a71d3c6d23558e500dc4c,blur,2,0.2760950977014292,5
f534b43bf37ff946a310a0f08315d76c3fb3394681cf523acef7c0682240072a,blur,2,0.36278747139588097,3
f728de04267283f0b4daab9a840e7433b2c6034baf195fd526850439c9297687,blur,2,0.2689997838430235,18
f7eaaf420b5204c4a42577428b7cd897a53ef07b759ccbba3ed30a3548ca5605,blur,2,0.575201238390093,0
f81ca7ee25e733ff37240c34c8e3044d9937bb0166e315952ebde3f237ecb86f,blur,2,0.2791312571918474,3
f8e74d4006dd68c1dbe68df7be905835e00d8ba4916f3b18884509a15fdc0b55,blur,2,0.36142216451219944,22
fa751ff3a6332c95cb5cb1d28563553914295e9e7d35c4b6bd267241e8a0787c,blur,2,0.5820842517055439,6
fdda64c47361b0d1a146e5b7b48dc6b7de615ea80b31f01227a3b16469589528,blur,2,0.30691990470713876,9
003cee89357d9fe13516167fd67b609a164651b21934585648c740d2c3d86dc1,blur,3,0.3968848588653576,2
0121d6759c5adb290c8e828fc882f37dfaf3663ec885c663859948c154a443ed,blur,3,0.1325396287108209,38
077f026f4ab0f0bcc0856644d99cbf639e443ec4f067d7b708bc6cecac609424,blur,3,0.4428571428571429,0
08151b19806eebd58e5acec7e138dbfbb1761f41a1ab9620466584ecc7d5fada,blur,3,0.508627391127391,6
08275a5b1c2dfcd739e8c4888a5ee2d29f83eccfa75185404ced1dc0866ea992,blur,3,0.12879219684955254,11
0d2bf916cc8de90d02f4cd4c23ea79b227dbc45d845b4124ffea380c92d34c8c,blur,3,0.637094298245614,3
0ea221716cf13710214dcd331a61cea48308c3940df1d28cfc7fd817c83714e1,blur,3,0.011558922515844894,295
139946af9e2c7ef4f0298e622b831dbef5e5c0cd088eb5bc3382f8df9355443d,blur,3,0.35493848257006155,0
1631352dbafb8a90f11219fffd3bea368a30bc3bad3bbe0e84e19bd720df4945,blur,3,0.2773615510505754,7
1ec74a26e772966df764e063f1391109a60d803cff9d15680093641ed691bf72,blur,3,0.26584326058234975,9
220b37f4ca7cab486d2b71cd87a46ee7411a5aa142799d96ed98015ab5ba538a,blur,3,0.075,3
24a20f2a529cede5695df2422a3986505b5826bb10b10781d6db2074cf3de7b3,blur,3,0.37412176295897226,13
2c83c86dd4e5dacc024b55629375567fb8e320a82ef86f541cfe54764040fc25,blur,3,0.2919315882381953,1
2f929b067a59f88530b6bfa6f6889bc3a38adf88d594895973d1c8b2549fd93d,blur,3,0.2410900146557772,13
30f65741053db713b3f328d31d3234b6fedbe31df65c1a8ea29be28146cab789,blur,3,0.5174947361056075,3
3441821ebea04face181c9e2f4d0d09727c764827ac51b9e7fbadbebabeab225,blur,3,0.4055487858915279,11
3477024fd843e46097840360f9cdee24b76bf5c593ed27a9aee7a5728a06aa51,blur,3,0.29558849911791085,6
34c9f4eb2af8b8f46b1d88b74bde16f4614cd08948c2f1d817eb629afc512e7a,blur,3,0.44960682433508525,1
35ca5f142a7d7a3e4b59f1a767a31f87cb00d66348226bc64094ee3d1e46531c,blur,3,0.3330159370113118,8
37ed50eea5a1e0bade3e6753793b6caeb061cd4c2f365658c257f69cab1f6288,blur,3,0.2993579167228056,6
3a22fe593d9606d4f137461dd6802fd3918f9fbf36f4a65292be69670365e2ca,blur,3,0.511711668882777,3
3bf7873f11823f4b64422f49c8248dd95c0d01f9ae9075ae3d233bbb21a3d875,blur,3,0.09672935464382311,15
3bfa8b3b01fd24a28477f103063d17368a7398b27331e020f3a0ef59bf68c940,blur,3,0.0651327615323443,37
3ca8181367fc1258a418f7bf5044533c83e02a59c1a96def043295c429c297a8,blur,3,0.5788926001534698,2
4596961c789d3b41916492918797724fe75128239fefc516c3ee75322b7926f0,blur,3,0.4629198068503433,25
4bf6a5ec42032bb8dbbb10d25fdc5211b2fe1ce44b6e577ef89dbda17697d819,blur,3,0.0150997150997151,16
4d09672bcf5a2661eea00891bbb8191225a06619a849aece37ad10d9dedbde3e,blur,3,0.3044751014796055,4
4d2cff9a0c8df3a7ef6100fda6f66e865a7670af6a18564767d8019b9ed2fd7b,blur,3,0.6310772745780914,14
4e23ecf65040f86420e0201134e538951acdeda84fbb274311f995682044dd64,blur,3,0.3720900164493317,6
4e92129f4e8066d6f560d6022cd343a2245939aa49d8b06cddbd9bfc7e7eeb0e,blur,3,0.2715560236391526,15
516a0e20327d6dfcedcf57e3056115e4fb29cdf4cb349003bdfc75c9b7f5c2cf,blur,3,0.48167684167684166,4
52a4ac5a875be7a6c886035d54fb63f5f397dc43508c4831898f6b2f8debc7f3,blur,3,0.4296843434343434,1
5419302571113e9aa74c7c0a9575333ca539b871a16c86ee92b35170b4ddc52e,blur,3,0.4601731601731601,1
56d0da5b663ddd49955478c00ca03118c367ff7dd6a646b8c875b0acb207d1c5,blur,3,0.44646627481159074,4
58cc121d37fb7f1b4a5252024d88415936781e540252b8f734faeedd29b682d5,blur,3,0.23087377130393155,13
5bb8508ff8ec8683fc6a8aa6bd470f6feb3af4eccdca07f51a1ebc9dad67cfb8,blur,3,0.3911142044060302,4
5d2c98fd6fda3c7d739461c3b3d4a0c7f8456121a14519dc5955a1775227b053,blur,3,0.31210390484488454,7
602f267432e7a573e1092f1cf48135c82d0fbc8722bc028b9330ec801a40bb18,blur,3,0.2288232431454938,0
608ff81c8a0c8b622f6648a9c7f935d85f0c503f515ef2ac3728387be1953ee8,blur,3,0.11074561403508773,5
610f32e2d9d270d740aec501dcf0c89595e4e623468ad43272adab90520a8f96,blur,3,0.24086765043364805,18
623cf6987b3fac8f384c09f40d98c5e739c097aa9a9627054542aa27f7d38db1,blur,3,0.3145647611897612,3
68f833de9f8c631cedd7031b8ed9b908c42cbbc1e14254722728a8b7d596fd4c,blur,3,0.04355237590531708,26
6aa7dd0c88bec4f96cdd497f9c37779733033d9ec6513307461302d36bd32ac7,blur,3,0.16307728219492926,1
6af82abb29539000be4696884fc822d3cafcb2105906dc7582c92dccad8948c5,blur,3,0.06020648229818787,5
6b0ac2ab04c09dced54058ec504a4947f8ecd5727dfca7e0b3f69de71d0d31c7,blur,3,0.25623931623931623,1
6b72b61b80060a9e79a4747f9c5d5af135af9db466681c2d1086f784c7130699,blur,3,0.3836297261761082,49
6f8197baf738986a1ec3b6ba92b567863d897a739376b7cec5599ad6cecafdfc,blur,3,0.23805901759530795,5
6fb82031f7fc5f4fa6e0bc2ef3421db19036b5c2cdd2725009ab465d66d61d72,blur,3,0.23580808080808083,1
709e094e39629a9ca21e187f007b331074694e443db40289447c1111f7e267e7,blur,3,0.29627839354132457,5
72b18a405555ad491721e29454e5cd325055ce81a9e78524b56f2c058a4d2327,blur,3,0.5106060606060605,0
777f7c4269279951ae05b56e806745e613297d411d048c0bce8964afd7d71a4b,blur,3,0.24316350439546888,23
77ceeb87f560775ac150b8b9b09684ed3e806d0af6f26cce8f10c5fc280f5df2,blur,3,0.35669119479861167,4
7978812d0e2e034ee1f9c141f019705582fcaa290e4a01c6c75a62753285cb23,blur,3,0.7699714538335227,2
79dfcbc9361edd3a1ffe81a5bdaa22a197ad1341f3fa64b86a646c2607d6b324,blur,3,0.5611116185604678,1
7af09f98ec299ba0658d759eebc4c34e1c98289ea6ce37f233e9f5e4e2fc84f4,blur,3,0.3754621848739496,0
7ba20aa731cc21af74a8d940254176cbad1bdc44f240b550341c6d9c27509daa,blur,3,0.3988182577656262,2
7c318172e976ae5a962c9c7a4e9fe46d7fb985765ddd3a3e2108e893a90b92b2,blur,3,0.26733440693265575,13
7f4d7b549d0f1a110191e2aded872943d85892bc30667f19fe9de97a5370b08e,blur,3,0.19385281385281386,4
8175a55b711c948fe383bd3b91b6ca1b9e048a5241e0be13aff31ce2674fbe6d,blur,3,0.467218045112782,0
8d9b4205ddb10fa49a2973b4f3a2dc6923407ae015081e1a52c4b4c2fe8faa53,blur,3,0.3285621106510811,1
8efed2e62c919e6d70a2ab548b1a33014877fe8a23f177ef25a9dee25ffe8842,blur,3,0.05605628995436067,156
97158b2fe38783d88d4e44ba1b7bc6c84f225f8b35fcccc2f9265c65f14e7c8b,blur,3,0.06173510466988728,1
9774c82396327929fea05e40ae153cabf0107178b2ae3e40a5709b409793887e,blur,3,0.021969696969696965,3
9b25b8ffd5f52b6c3d235a42d51d380503d1f80b61ef0f62eeb696f5977c38e6,blur,3,0.3694871794871795,1
9e4f8ec60a0d622a02c0e16eedcc0101f88ddefbcec2383946c4572b57a1e43a,blur,3,0.09019921436588103,15
9facc652efe19f634639585d692a53dd6c2a8e2f0c9baebdfd85b9b41ec58851,blur,3,0.5310934276451518,6
a3a1b8f9794ef589b71faa9f35fd97ad6761c4488718fbcf766e95e31afa8606,blur,3,0.28251170913709617,4
a7f6194ddbeaefb1da571226a97785d09ccafc5893ce3c77078d2040bccfcb77,blur,3,0.13131805550062808,47
a9d884ba0929dac87c2052ce5b15034163685317d7cff45c40b0f7bd9bd4d9e7,blur,3,0.23134748118836942,7
aa83f5b4fca02ae43a6b9456ab42707b0beabc6e7c5c4e66c0d2572fb80f3615,blur,3,0.4446428571428571,1
abbfff07379bceb69dba41dad8b0db5eb80cc8baf3d4af87b7ee20b0dac32215,blur,3,0.4185553184169578,8
ac8169a0debed11560f3f0e246c05ea82d03c66346f1576cc8268554cb3f549f,blur,3,0.4672321838040703,4
ad9d305cbf193d4250743ead466bdaefe910835d7e352c544e22320e8336f5c1,blur,3,0.29265177507212126,5
afa272dc01825d4b929b3bfc79a10f68dd3c163c450d858b964d1ce0bc93e131,blur,3,0.48427350427350424,2
b3b1626f8ad156acb2963d1faa6a368f9378a266c3b90d9321087fdc5b3032b4,blur,3,0.5328503046166155,5
b67a6e5da8b1cfa5319d94a7d3f8b706725753346c37a4636bf7382e98b3c5df,blur,3,0.13799450549450548,4
b6d50fa22380ae3a7e8c52c5bc44a254e7b2596fd8927980dbe2c160cb5689b5,blur,3,0.34176515973179555,1
b82548ab19466b461614e6055aaf49fbc24c03a2d20e65575b680c7c28268807,blur,3,0.3015118603411514,5
b98681c74842c4058bd2f88b06063731c26a90da083b1ef348e0ec734c58752b,blur,3,0.753968253968254,0
be771d6831e3f8f1af4696bc08a582f163735db5baf9906e4729acc6a05e1187,blur,3,0.19250983599109536,5
c0152b1a260e71f9823d17f4fbb4bf7020d5dce62b4a12b3099c1c8e52a1c43a,blur,3,0.1282342746858876,17
c169a7782a69ea2f38f64d2739de189e88adbcfd4a829721def8c89ecabe8b71,blur,3,0.39159063159063157,4
c35e6e3ea39a718e1b7aff66e4cc678efd662f9b5336b74d69c1d6bca7aaf288,blur,3,0.18361831846215984,6
c3bec1066aae20f48b82975e7e8b684cd67635a8baf211e4d9e3e13bc54c5d06,blur,3,0.25453098746150987,29
c6216cdc42f61bc345434986db42e2ef9b9741aee3210b7a808e952e319d2305,blur,3,0.02584397163120567,13
cf26c41245febfe67c2a1682cc4ee8752ee40ae3e49610314f45923b8bf5b08a,blur,3,0.26072282357491783,3
d1dbc6ee7c44a7027e935d040e496793186b884a1028d0e26284a206c6f5aff0,blur,3,0.050493487993488,5
d3ce382f190ee24729bd2e80684c11bef72bc9c733cdbbc19a17d2c1b2e775f7,blur,3,0.2612179487179487,1
da8ca06ccbb4e2a8718f7c2939ef6cc3a4088981f660842ad885a8273e740d55,blur,3,0.15537883224479143,15
dad607a203483439fcbc2acecd0a39fb5e5a94a32a94348f5c802c79cfeb6e7c,blur,3,0.3515677130483287,8
e52960d31f8bddf85400259beb4521383f5ceface1080be3429f2f926cc9b5c2,blur,3,0.5679228500396473,20
e5a7b8a9924b26b3abf039255a8a3bb00258f4966f68ff3349560b4350af9367,blur,3,0.45108716902545787,6
ead9464a50a17f74bf1b6471d94ecce8d887cf518c8fedc6c6048eb948bc4e49,blur,3,0.3943722943722944,0
ed4b8e0d756836be7acb2e2b7799c473b52424e3092a71d3c6d23558e500dc4c,blur,3,0.08877078578477379,8
f534b43bf37ff946a310a0f08315d76c3fb3394681cf523acef7c0682240072a,blur,3,0.24446040372670805,3
f728de04267283f0b4daab9a840e7433b2c6034baf195fd526850439c9297687,blur,3,0.25930547866780207,19
f7eaaf420b5204c4a42577428b7cd897a53ef07b759ccbba3ed30a3548ca5605,blur,3,0.4539091318038687,0
f81ca7ee25e733ff37240c34c8e3044d9937bb0166e315952ebde3f237ecb86f,blur,3,0.16064995415520544,4
f8e74d4006dd68c1dbe68df7be905835e00d8ba4916f3b18884509a15fdc0b55,blur,3,0.3426951797071628,22
fa751ff3a6332c95cb5cb1d28563553914295e9e7d35c4b6bd267241e8a0787c,blur,3,0.3986441345479788,7
fdda64c47361b0d1a146e5b7b48dc6b7de615ea80b31f01227a3b16469589528,blur,3,0.28573064735678716,10
003cee89357d9fe13516167fd67b609a164651b21934585648c740d2c3d86dc1,brilho_contraste,1,0.8217926855426855,1
0121d6759c5adb290c8e828fc882f37dfaf3663ec885c663859948c154a443ed,brilho_contraste,1,0.07243584713894469,37
077f026f4ab0f0bcc0856644d99cbf639e443ec4f067d7b708bc6cecac609424,brilho_contraste,1,0.8714285714285713,0
08151b19806eebd58e5acec7e138dbfbb1761f41a1ab9620466584ecc7d5fada,brilho_contraste,1,0.5015472259691326,4
08275a5b1c2dfcd739e8c4888a5ee2d29f83eccfa75185404ced1dc0866ea992,brilho_contraste,1,0.04764231337475354,27
0d2bf916cc8de90d02f4cd4c23ea79b227dbc45d845b4124ffea380c92d34c8c,brilho_contraste,1,0.15786234718068823,8
0ea221716cf13710214dcd331a61cea48308c3940df1d28cfc7fd817c83714e1,brilho_contraste,1,0.04288324148828827,239
139946af9e2c7ef4f0298e622b831dbef5e5c0cd088eb5bc3382f8df9355443d,brilho_contraste,1,0.6432900432900434,0
1631352dbafb8a90f11219fffd3bea368a30bc3bad3bbe0e84e19bd720df4945,brilho_contraste,1,0.36062479763989397,4
1ec74a26e772966df764e063f1391109a60d803cff9d15680093641ed691bf72,brilho_contraste,1,0.19260097768441803,3
220b37f4ca7cab486d2b71cd87a46ee7411a5aa142799d96ed98015ab5ba538a,brilho_contraste,1,0.25,1
24a20f2a529cede5695df2422a3986505b5826bb10b10781d6db2074cf3de7b3,brilho_contraste,1,0.15612117872998937,6
2c83c86dd4e5dacc024b55629375567fb8e320a82ef86f541cfe54764040fc25,brilho_contraste,1,0.541632553448163,0
2f929b067a59f88530b6bfa6f6889bc3a38adf88d594895973d1c8b2549fd93d,brilho_contraste,1,0.1545940513300636,6
30f65741053db713b3f328d31d3234b6fedbe31df65c1a8ea29be28146cab789,brilho_contraste,1,0.24517772935876386,3
3441821ebea04face181c9e2f4d0d09727c764827ac51b9e7fbadbebabeab225,brilho_contraste,1,0.4933258109437116,7
3477024fd843e46097840360f9cdee24b76bf5c593ed27a9aee7a5728a06aa51,brilho_contraste,1,0.6350390182084973,3
34c9f4eb2af8b8f46b1d88b74bde16f4614cd08948c2f1d817eb629afc512e7a,brilho_contraste,1,0.8000875935658545,1
35ca5f142a7d7a3e4b59f1a767a31f87cb00d66348226bc64094ee3d1e46531c,brilho_contraste,1,0.1607391750940138,8
37ed50eea5a1e0bade3e6753793b6caeb061cd4c2f365658c257f69cab1f6288,brilho_contraste,1,0.19888185170638037,6
3a22fe593d9606d4f137461dd6802fd3918f9fbf36f4a65292be69670365e2ca,brilho_contraste,1,0.18973582054454968,2
3bf7873f11823f4b64422f49c8248dd95c0d01f9ae9075ae3d233bbb21a3d875,brilho_contraste,1,0.43734040986994016,14
3bfa8b3b01fd24a28477f103063d17368a7398b27331e020f3a0ef59bf68c940,brilho_contraste,1,0.028728917147438436,47
3ca8181367fc1258a418f7bf5044533c83e02a59c1a96def043295c429c297a8,brilho_contraste,1,0.33394665745190877,4
4596961c789d3b41916492918797724fe75128239fefc516c3ee75322b7926f0,brilho_contraste,1,0.5613661523255394,10
4bf6a5ec42032bb8dbbb10d25fdc5211b2fe1ce44b6e577ef89dbda17697d819,brilho_contraste,1,0.16232031094872978,7
4d09672bcf5a2661eea00891bbb8191225a06619a849aece37ad10d9dedbde3e,brilho_contraste,1,0.6354076479076479,1
4d2cff9a0c8df3a7ef6100fda6f66e865a7670af6a18564767d8019b9ed2fd7b,brilho_contraste,1,0.6593252190217544,13
4e23ecf65040f86420e0201134e538951acdeda84fbb274311f995682044dd64,brilho_contraste,1,0.23068710632819203,3
4e92129f4e8066d6f560d6022cd343a2245939aa49d8b06cddbd9bfc7e7eeb0e,brilho_contraste,1,0.22644208343988956,15
516a0e20327d6dfcedcf57e3056115e4fb29cdf4cb349003bdfc75c9b7f5c2cf,brilho_contraste,1,0.5503722516994828,4
52a4ac5a875be7a6c886035d54fb63f5f397dc43508c4831898f6b2f8debc7f3,brilho_contraste,1,0.8454545454545455,0
5419302571113e9aa74c7c0a9575333ca539b871a16c86ee92b35170b4ddc52e,brilho_contraste,1,0.6,0
56d0da5b663ddd49955478c00ca03118c367ff7dd6a646b8c875b0acb207d1c5,brilho_contraste,1,0.5931150793650793,2
58cc121d37fb7f1b4a5252024d88415936781e540252b8f734faeedd29b682d5,brilho_contraste,1,0.1612808960007908,7
5bb8508ff8ec8683fc6a8aa6bd470f6feb3af4eccdca07f51a1ebc9dad67cfb8,brilho_contraste,1,0.5669674946458712,5
5d2c98fd6fda3c7d739461c3b3d4a0c7f8456121a14519dc5955a1775227b053,brilho_contraste,1,0.4706016732411462,8
602f267432e7a573e1092f1cf48135c82d0fbc8722bc028b9330ec801a40bb18,brilho_contraste,1,0.44516164568594235,1
608ff81c8a0c8b622f6648a9c7f935d85f0c503f515ef2ac3728387be1953ee8,brilho_contraste,1,0.30011258091753445,6
610f32e2d9d270d740aec501dcf0c89595e4e623468ad43272adab90520a8f96,brilho_contraste,1,0.2667758333307395,13
623cf6987b3fac8f384c09f40d98c5e739c097aa9a9627054542aa27f7d38db1,brilho_contraste,1,0.46731580941744283,2
68f833de9f8c631cedd7031b8ed9b908c42cbbc1e14254722728a8b7d596fd4c,brilho_contraste,1,0.14365285269536573,20
6aa7dd0c88bec4f96cdd497f9c37779733033d9ec6513307461302d36bd32ac7,brilho_contraste,1,0.4756168831168831,2
6af82abb29539000be4696884fc822d3cafcb2105906dc7582c92dccad8948c5,brilho_contraste,1,0.45812810408852467,2
6b0ac2ab04c09dced54058ec504a4947f8ecd5727dfca7e0b3f69de71d0d31c7,brilho_contraste,1,0.2832692307692308,2
6b72b61b80060a9e79a4747f9c5d5af135af9db466681c2d1086f784c7130699,brilho_contraste,1,0.42804128553063914,15
6f8197baf738986a1ec3b6ba92b567863d897a739376b7cec5599ad6cecafdfc,brilho_contraste,1,0.49893168993168996,1
6fb82031f7fc5f4fa6e0bc2ef3421db19036b5c2cdd2725009ab465d66d61d72,brilho_contraste,1,0.4446969696969697,1
709e094e39629a9ca21e187f007b331074694e443db40289447c1111f7e267e7,brilho_contraste,1,0.16681035454597265,2
72b18a405555ad491721e29454e5cd325055ce81a9e78524b56f2c058a4d2327,brilho_contraste,1,0.6574675324675324,1
777f7c4269279951ae05b56e806745e613297d411d048c0bce8964afd7d71a4b,brilho_contraste,1,0.39076385545537556,16
77ceeb87f560775ac150b8b9b09684ed3e806d0af6f26cce8f10c5fc280f5df2,brilho_contraste,1,0.17112128424291112,1
7978812d0e2e034ee1f9c141f019705582fcaa290e4a01c6c75a62753285cb23,brilho_contraste,1,0.7037298879469265,1
79dfcbc9361edd3a1ffe81a5bdaa22a197ad1341f3fa64b86a646c2607d6b324,brilho_contraste,1,0.8027149321266969,0
7af09f98ec299ba0658d759eebc4c34e1c98289ea6ce37f233e9f5e4e2fc84f4,brilho_contraste,1,0.7389786683904332,0
7ba20aa731cc21af74a8d940254176cbad1bdc44f240b550341c6d9c27509daa,brilho_contraste,1,0.6700701754385965,3
7c318172e976ae5a962c9c7a4e9fe46d7fb985765ddd3a3e2108e893a90b92b2,brilho_contraste,1,0.3230588200854193,13
7f4d7b549d0f1a110191e2aded872943d85892bc30667f19fe9de97a5370b08e,brilho_contraste,1,0.7083916083916084,0
8175a55b711c948fe383bd3b91b6ca1b9e048a5241e0be13aff31ce2674fbe6d,brilho_contraste,1,0.8619047619047618,0
8d9b4205ddb10fa49a2973b4f3a2dc6923407ae015081e1a52c4b4c2fe8faa53,brilho_contraste,1,0.7609174451279714,2
8efed2e62c919e6d70a2ab548b1a33014877fe8a23f177ef25a9dee25ffe8842,brilho_contraste,1,0.11696064460501295,117
97158b2fe38783d88d4e44ba1b7bc6c84f225f8b35fcccc2f9265c65f14e7c8b,brilho_contraste,1,0.5038959931798807,2
9774c82396327929fea05e40ae153cabf0107178b2ae3e40a5709b409793887e,brilho_contraste,1,0.25624963944387824,4
9b25b8ffd5f52b6c3d235a42d51d380503d1f80b61ef0f62eeb696f5977c38e6,brilho_contraste,1,0.6194805194805195,2
9e4f8ec60a0d622a02c0e16eedcc0101f88ddefbcec2383946c4572b57a1e43a,brilho_contraste,1,0.37636978316695907,20
9facc652efe19f634639585d692a53dd6c2a8e2f0c9baebdfd85b9b41ec58851,brilho_contraste,1,0.2382274981024352,9
a3a1b8f9794ef589b71faa9f35fd97ad6761c4488718fbcf766e95e31afa8606,brilho_contraste,1,0.5117256754253658,4
a7f6194ddbeaefb1da571226a97785d09ccafc5893ce3c77078d2040bccfcb77,brilho_contraste,1,0.07249320745322792,23
a9d884ba0929dac87c2052ce5b15034163685317d7cff45c40b0f7bd9bd4d9e7,brilho_contraste,1,0.5506813441352237,6
aa83f5b4fca02ae43a6b9456ab42707b0beabc6e7c5c4e66c0d2572fb80f3615,brilho_contraste,1,0.7363636363636363,1
abbfff07379bceb69dba41dad8b0db5eb80cc8baf3d4af87b7ee20b0dac32215,brilho_contraste,1,0.5705275232930596,7
ac8169a0debed11560f3f0e246c05ea82d03c66346f1576cc8268554cb3f549f,brilho_contraste,1,0.26034672830725464,5
ad9d305cbf193d4250743ead466bdaefe910835d7e352c544e22320e8336f5c1,brilho_contraste,1,0.15662043542261328,1
afa272dc01825d4b929b3bfc79a10f68dd3c163c450d858b964d1ce0bc93e131,brilho_contraste,1,0.9176470588235294,0
b3b1626f8ad156acb2963d1faa6a368f9378a266c3b90d9321087fdc5b3032b4,brilho_contraste,1,0.30464618911620134,2
b67a6e5da8b1cfa5319d94a7d3f8b706725753346c37a4636bf7382e98b3c5df,brilho_contraste,1,0.5023809523809524,3
b6d50fa22380ae3a7e8c52c5bc44a254e7b2596fd8927980dbe2c160cb5689b5,brilho_contraste,1,0.680537573881227,1
b82548ab19466b461614e6055aaf49fbc24c03a2d20e65575b680c7c28268807,brilho_contraste,1,0.787686458837354,2
b98681c74842c4058bd2f88b06063731c26a90da083b1ef348e0ec734c58752b,brilho_contraste,1,0.7916666666666666,0
be771d6831e3f8f1af4696bc08a582f163735db5baf9906e4729acc6a05e1187,brilho_contraste,1,0.07580645161290321,1
c0152b1a260e71f9823d17f4fbb4bf7020d5dce62b4a12b3099c1c8e52a1c43a,brilho_contraste,1,0.03057271557271557,11
c169a7782a69ea2f38f64d2739de189e88adbcfd4a829721def8c89ecabe8b71,brilho_contraste,1,0.3527709170631216,1
c35e6e3ea39a718e1b7aff66e4cc678efd662f9b5336b74d69c1d6bca7aaf288,brilho_contraste,1,0.5098483142410559,5
c3bec1066aae20f48b82975e7e8b684cd67635a8baf211e4d9e3e13bc54c5d06,brilho_contraste,1,0.20309884753530216,24
c6216cdc42f61bc345434986db42e2ef9b9741aee3210b7a808e952e319d2305,brilho_contraste,1,0.2263631436314363,8
cf26c41245febfe67c2a1682cc4ee8752ee40ae3e49610314f45923b8bf5b08a,brilho_contraste,1,0.5612994444894615,4
d1dbc6ee7c44a7027e935d040e496793186b884a1028d0e26284a206c6f5aff0,brilho_contraste,1,0.13282524493050807,11
d3ce382f190ee24729bd2e80684c11bef72bc9c733cdbbc19a17d2c1b2e775f7,brilho_contraste,1,0.5935064935064934,1
da8ca06ccbb4e2a8718f7c2939ef6cc3a4088981f660842ad885a8273e740d55,brilho_contraste,1,0.5023169189083976,9
dad607a203483439fcbc2acecd0a39fb5e5a94a32a94348f5c802c79cfeb6e7c,brilho_contraste,1,0.6813337904502033,4
e52960d31f8bddf85400259beb4521383f5ceface1080be3429f2f926cc9b5c2,brilho_contraste,1,0.6240127132977734,8
e5a7b8a9924b26b3abf039255a8a3bb00258f4966f68ff3349560b4350af9367,brilho_contraste,1,0.4959264685838898,4
ead9464a50a17f74bf1b6471d94ecce8d887cf518c8fedc6c6048eb948bc4e49,brilho_contraste,1,0.8628571428571428,0
ed4b8e0d756836be7acb2e2b7799c473b52424e3092a71d3c6d23558e500dc4c,brilho_contraste,1,0.5667627375989618,5
f534b43bf37ff946a310a0f08315d76c3fb3394681cf523acef7c0682240072a,brilho_contraste,1,0.5498746867167921,3
f728de04267283f0b4daab9a840e7433b2c6034baf195fd526850439c9297687,brilho_contraste,1,0.1841560858207125,12
f7eaaf420b5204c4a42577428b7cd897a53ef07b759ccbba3ed30a3548ca5605,brilho_contraste,1,0.8067307692307694,0
f81ca7ee25e733ff37240c34c8e3044d9937bb0166e315952ebde3f237ecb86f,brilho_contraste,1,0.524640522875817,2
f8e74d4006dd68c1dbe68df7be905835e00d8ba4916f3b18884509a15fdc0b55,brilho_contraste,1,0.3866651965827922,21
fa751ff3a6332c95cb5cb1d28563553914295e9e7d35c4b6bd267241e8a0787c,brilho_contraste,1,0.6377339341986052,5
fdda64c47361b0d1a146e5b7b48dc6b7de615ea80b31f01227a3b16469589528,brilho_contraste,1,0.39380652152531637,6
003cee89357d9fe13516167fd67b609a164651b21934585648c740d2c3d86dc1,brilho_contraste,2,0.8367096345357214,1
0121d6759c5adb290c8e828fc882f37dfaf3663ec885c663859948c154a443ed,brilho_contraste,2,0.008111138680001528,33
077f026f4ab0f0bcc0856644d99cbf639e443ec4f067d7b708bc6cecac609424,brilho_contraste,2,0.9090909090909092,0
08151b19806eebd58e5acec7e138dbfbb1761f41a1ab9620466584ecc7d5fada,brilho_contraste,2,0.2160946645082893,7
08275a5b1c2dfcd739e8c4888a5ee2d29f83eccfa75185404ced1dc0866ea992,brilho_contraste,2,0.005613354037267081,34
0d2bf916cc8de90d02f4cd4c23ea79b227dbc45d845b4124ffea380c92d34c8c,brilho_contraste,2,0.0,2
0ea221716cf13710214dcd331a61cea48308c3940df1d28cfc7fd817c83714e1,brilho_contraste,2,0.047637375214406405,250
139946af9e2c7ef4f0298e622b831dbef5e5c0cd088eb5bc3382f8df9355443d,brilho_contraste,2,0.6264291264291264,0
1631352dbafb8a90f11219fffd3bea368a30bc3bad3bbe0e84e19bd720df4945,brilho_contraste,2,0.057559890377317326,11
1ec74a26e772966df764e063f1391109a60d803cff9d15680093641ed691bf72,brilho_contraste,2,0.0744170152789648,0
220b37f4ca7cab486d2b71cd87a46ee7411a5aa142799d96ed98015ab5ba538a,brilho_contraste,2,0.7,0
24a20f2a529cede5695df2422a3986505b5826bb10b10781d6db2074cf3de7b3,brilho_contraste,2,0.0047619047619047615,25
2c83c86dd4e5dacc024b55629375567fb8e320a82ef86f541cfe54764040fc25,brilho_contraste,2,0.6807962415553357,0
2f929b067a59f88530b6bfa6f6889bc3a38adf88d594895973d1c8b2549fd93d,brilho_contraste,2,0.1193341064769636,5
30f65741053db713b3f328d31d3234b6fedbe31df65c1a8ea29be28146cab789,brilho_contraste,2,0.14860868298368296,3
3441821ebea04face181c9e2f4d0d09727c764827ac51b9e7fbadbebabeab225,brilho_contraste,2,0.24221777407557835,1
3477024fd843e46097840360f9cdee24b76bf5c593ed27a9aee7a5728a06aa51,brilho_contraste,2,0.7612374847374846,1
34c9f4eb2af8b8f46b1d88b74bde16f4614cd08948c2f1d817eb629afc512e7a,brilho_contraste,2,0.8241758241758241,1
35ca5f142a7d7a3e4b59f1a767a31f87cb00d66348226bc64094ee3d1e46531c,brilho_contraste,2,0.06364630251767599,9
37ed50eea5a1e0bade3e6753793b6caeb061cd4c2f365658c257f69cab1f6288,brilho_contraste,2,0.15438195168415447,6
3a22fe593d9606d4f137461dd6802fd3918f9fbf36f4a65292be69670365e2ca,brilho_contraste,2,0.0,6
3bf7873f11823f4b64422f49c8248dd95c0d01f9ae9075ae3d233bbb21a3d875,brilho_contraste,2,0.4544462399096295,10
3bfa8b3b01fd24a28477f103063d17368a7398b27331e020f3a0ef59bf68c940,brilho_contraste,2,0.0056179775280898875,74
3ca8181367fc1258a418f7bf5044533c83e02a59c1a96def043295c429c297a8,brilho_contraste,2,0.08120147500952454,0
4596961c789d3b41916492918797724fe75128239fefc516c3ee75322b7926f0,brilho_contraste,2,0.4040689950825637,13
4bf6a5ec42032bb8dbbb10d25fdc5211b2fe1ce44b6e577ef89dbda17697d819,brilho_contraste,2,0.18945382022587903,5
4d09672bcf5a2661eea00891bbb8191225a06619a849aece37ad10d9dedbde3e,brilho_contraste,2,0.6558918481106322,2
4d2cff9a0c8df3a7ef6100fda6f66e865a7670af6a18564767d8019b9ed2fd7b,brilho_contraste,2,0.4192446186607189,8
4e23ecf65040f86420e0201134e538951acdeda84fbb274311f995682044dd64,brilho_contraste,2,0.013333333333333332,23
4e92129f4e8066d6f560d6022cd343a2245939aa49d8b06cddbd9bfc7e7eeb0e,brilho_contraste,2,0.05645634218569885,6
516a0e20327d6dfcedcf57e3056115e4fb29cdf4cb349003bdfc75c9b7f5c2cf,brilho_contraste,2,0.16165657284078339,3
52a4ac5a875be7a6c886035d54fb63f5f397dc43508c4831898f6b2f8debc7f3,brilho_contraste,2,0.86,0
5419302571113e9aa74c7c0a9575333ca539b871a16c86ee92b35170b4ddc52e,brilho_contraste,2,0.5933333333333334,0
56d0da5b663ddd49955478c00ca03118c367ff7dd6a646b8c875b0acb207d1c5,brilho_contraste,2,0.31250697496933644,1
58cc121d37fb7f1b4a5252024d88415936781e540252b8f734faeedd29b682d5,brilho_contraste,2,0.11727785157467636,8
5bb8508ff8ec8683fc6a8aa6bd470f6feb3af4eccdca07f51a1ebc9dad67cfb8,brilho_contraste,2,0.7045317901935549,1
5d2c98fd6fda3c7d739461c3b3d4a0c7f8456121a14519dc5955a1775227b053,brilho_contraste,2,0.47234230558118656,8
602f267432e7a573e1092f1cf48135c82d0fbc8722bc028b9330ec801a40bb18,brilho_contraste,2,0.5813186813186814,2
608ff81c8a0c8b622f6648a9c7f935d85f0c503f515ef2ac3728387be1953ee8,brilho_contraste,2,0.39877020983832134,4
610f32e2d9d270d740aec501dcf0c89595e4e623468ad43272adab90520a8f96,brilho_contraste,2,0.050895667706643236,2
623cf6987b3fac8f384c09f40d98c5e739c097aa9a9627054542aa27f7d38db1,brilho_contraste,2,0.447726526347216,1
68f833de9f8c631cedd7031b8ed9b908c42cbbc1e14254722728a8b7d596fd4c,brilho_contraste,2,0.1797280595781208,19
6aa7dd0c88bec4f96cdd497f9c37779733033d9ec6513307461302d36bd32ac7,brilho_contraste,2,0.46198051948051955,2
6af82abb29539000be4696884fc822d3cafcb2105906dc7582c92dccad8948c5,brilho_contraste,2,0.5399890004436676,1
6b0ac2ab04c09dced54058ec504a4947f8ecd5727dfca7e0b3f69de71d0d31c7,brilho_contraste,2,0.006666666666666666,4
6b72b61b80060a9e79a4747f9c5d5af135af9db466681c2d1086f784c7130699,brilho_contraste,2,0.2425656376449432,49
6f8197baf738986a1ec3b6ba92b567863d897a739376b7cec5599ad6cecafdfc,brilho_contraste,2,0.558387909192257,1
6fb82031f7fc5f4fa6e0bc2ef3421db19036b5c2cdd2725009ab465d66d61d72,brilho_contraste,2,0.5083333333333333,1
709e094e39629a9ca21e187f007b331074694e443db40289447c1111f7e267e7,brilho_contraste,2,0.014814814814814814,16
72b18a405555ad491721e29454e5cd325055ce81a9e78524b56f2c058a4d2327,brilho_contraste,2,0.6476190476190475,1
777f7c4269279951ae05b56e806745e613297d411d048c0bce8964afd7d71a4b,brilho_contraste,2,0.20883591679088798,19
77ceeb87f560775ac150b8b9b09684ed3e806d0af6f26cce8f10c5fc280f5df2,brilho_contraste,2,0.10254985567148256,1
7978812d0e2e034ee1f9c141f019705582fcaa290e4a01c6c75a62753285cb23,brilho_contraste,2,0.2601414574585306,5
79dfcbc9361edd3a1ffe81a5bdaa22a197ad1341f3fa64b86a646c2607d6b324,brilho_contraste,2,0.8984615384615384,0
7af09f98ec299ba0658d759eebc4c34e1c98289ea6ce37f233e9f5e4e2fc84f4,brilho_contraste,2,0.7631868131868133,0
7ba20aa731cc21af74a8d940254176cbad1bdc44f240b550341c6d9c27509daa,brilho_contraste,2,0.7038384629895665,2
7c318172e976ae5a962c9c7a4e9fe46d7fb985765ddd3a3e2108e893a90b92b2,brilho_contraste,2,0.3011719003247317,12
7f4d7b549d0f1a110191e2aded872943d85892bc30667f19fe9de97a5370b08e,brilho_contraste,2,0.7466666666666667,1
8175a55b711c948fe383bd3b91b6ca1b9e048a5241e0be13aff31ce2674fbe6d,brilho_contraste,2,0.8792307692307691,0
8d9b4205ddb10fa49a2973b4f3a2dc6923407ae015081e1a52c4b4c2fe8faa53,brilho_contraste,2,0.7798289196504709,2
8efed2e62c919e6d70a2ab548b1a33014877fe8a23f177ef25a9dee25ffe8842,brilho_contraste,2,0.1284403986215351,115
97158b2fe38783d88d4e44ba1b7bc6c84f225f8b35fcccc2f9265c65f14e7c8b,brilho_contraste,2,0.3699798158497849,3
9774c82396327929fea05e40ae153cabf0107178b2ae3e40a5709b409793887e,brilho_contraste,2,0.34302615942708825,2
9b25b8ffd5f52b6c3d235a42d51d380503d1f80b61ef0f62eeb696f5977c38e6,brilho_contraste,2,0.6745454545454546,2
9e4f8ec60a0d622a02c0e16eedcc0101f88ddefbcec2383946c4572b57a1e43a,brilho_contraste,2,0.3372051337059857,20
9facc652efe19f634639585d692a53dd6c2a8e2f0c9baebdfd85b9b41ec58851,brilho_contraste,2,0.027171717171717173,0
a3a1b8f9794ef589b71faa9f35fd97ad6761c4488718fbcf766e95e31afa8606,brilho_contraste,2,0.5341911764705882,5
a7f6194ddbeaefb1da571226a97785d09ccafc5893ce3c77078d2040bccfcb77,brilho_contraste,2,0.0019801980198019802,64
a9d884ba0929dac87c2052ce5b15034163685317d7cff45c40b0f7bd9bd4d9e7,brilho_contraste,2,0.6033541363191205,6
aa83f5b4fca02ae43a6b9456ab42707b0beabc6e7c5c4e66c0d2572fb80f3615,brilho_contraste,2,0.8028846153846153,1
abbfff07379bceb69dba41dad8b0db5eb80cc8baf3d4af87b7ee20b0dac32215,brilho_contraste,2,0.5485288612690693,7
ac8169a0debed11560f3f0e246c05ea82d03c66346f1576cc8268554cb3f549f,brilho_contraste,2,0.05076033816816573,2
ad9d305cbf193d4250743ead466bdaefe910835d7e352c544e22320e8336f5c1,brilho_contraste,2,0.10878512278470635,3
afa272dc01825d4b929b3bfc79a10f68dd3c163c450d858b964d1ce0bc93e131,brilho_contraste,2,0.9176470588235294,0
b3b1626f8ad156acb2963d1faa6a368f9378a266c3b90d9321087fdc5b3032b4,brilho_contraste,2,0.019580200501253132,5
b67a6e5da8b1cfa5319d94a7d3f8b706725753346c37a4636bf7382e98b3c5df,brilho_contraste,2,0.48589743589743595,1
b6d50fa22380ae3a7e8c52c5bc44a254e7b2596fd8927980dbe2c160cb5689b5,brilho_contraste,2,0.6744110916677883,1
b82548ab19466b461614e6055aaf49fbc24c03a2d20e65575b680c7c28268807,brilho_contraste,2,0.8045662542337734,2
b98681c74842c4058bd2f88b06063731c26a90da083b1ef348e0ec734c58752b,brilho_contraste,2,0.75,0
be771d6831e3f8f1af4696bc08a582f163735db5baf9906e4729acc6a05e1187,brilho_contraste,2,0.0,9
c0152b1a260e71f9823d17f4fbb4bf7020d5dce62b4a12b3099c1c8e52a1c43a,brilho_contraste,2,0.0,17
c169a7782a69ea2f38f64d2739de189e88adbcfd4a829721def8c89ecabe8b71,brilho_contraste,2,0.0,13
c35e6e3ea39a718e1b7aff66e4cc678efd662f9b5336b74d69c1d6bca7aaf288,brilho_contraste,2,0.5236424348982915,5
c3bec1066aae20f48b82975e7e8b684cd67635a8baf211e4d9e3e13bc54c5d06,brilho_contraste,2,0.19471108259746636,21
c6216cdc42f61bc345434986db42e2ef9b9741aee3210b7a808e952e319d2305,brilho_contraste,2,0.22344651535828008,9
cf26c41245febfe67c2a1682cc4ee8752ee40ae3e49610314f45923b8bf5b08a,brilho_contraste,2,0.6165617745245597,4
d1dbc6ee7c44a7027e935d040e496793186b884a1028d0e26284a206c6f5aff0,brilho_contraste,2,0.13681535855448898,10
d3ce382f190ee24729bd2e80684c11bef72bc9c733cdbbc19a17d2c1b2e775f7,brilho_contraste,2,0.6113636363636363,1
da8ca06ccbb4e2a8718f7c2939ef6cc3a4088981f660842ad885a8273e740d55,brilho_contraste,2,0.5064395247906,8
dad607a203483439fcbc2acecd0a39fb5e5a94a32a94348f5c802c79cfeb6e7c,brilho_contraste,2,0.6885656246025301,4
e52960d31f8bddf85400259beb4521383f5ceface1080be3429f2f926cc9b5c2,brilho_contraste,2,0.4623232026530063,15
e5a7b8a9924b26b3abf039255a8a3bb00258f4966f68ff3349560b4350af9367,brilho_contraste,2,0.15950489086264946,5
ead9464a50a17f74bf1b6471d94ecce8d887cf518c8fedc6c6048eb948bc4e49,brilho_contraste,2,0.8914285714285712,0
ed4b8e0d756836be7acb2e2b7799c473b52424e3092a71d3c6d23558e500dc4c,brilho_contraste,2,0.5543507571850652,6
f534b43bf37ff946a310a0f08315d76c3fb3394681cf523acef7c0682240072a,brilho_contraste,2,0.5904958047292144,3
f728de04267283f0b4daab9a840e7433b2c6034baf195fd526850439c9297687,brilho_contraste,2,0.14310838193330688,14
f7eaaf420b5204c4a42577428b7cd897a53ef07b759ccbba3ed30a3548ca5605,brilho_contraste,2,0.8692307692307691,0
f81ca7ee25e733ff37240c34c8e3044d9937bb0166e315952ebde3f237ecb86f,brilho_contraste,2,0.6099624368909081,2
f8e74d4006dd68c1dbe68df7be905835e00d8ba4916f3b18884509a15fdc0b55,brilho_contraste,2,0.3187052382234654,22
fa751ff3a6332c95cb5cb1d28563553914295e9e7d35c4b6bd267241e8a0787c,brilho_contraste,2,0.618429460720329,5
fdda64c47361b0d1a146e5b7b48dc6b7de615ea80b31f01227a3b16469589528,brilho_contraste,2,0.40288893450658153,5
003cee89357d9fe13516167fd67b609a164651b21934585648c740d2c3d86dc1,brilho_contraste,3,0.8394936862328166,1
0121d6759c5adb290c8e828fc882f37dfaf3663ec885c663859948c154a443ed,brilho_contraste,3,0.0,82
077f026f4ab0f0bcc0856644d99cbf639e443ec4f067d7b708bc6cecac609424,brilho_contraste,3,0.8,0
08151b19806eebd58e5acec7e138dbfbb1761f41a1ab9620466584ecc7d5fada,brilho_contraste,3,0.0,13
08275a5b1c2dfcd739e8c4888a5ee2d29f83eccfa75185404ced1dc0866ea992,brilho_contraste,3,0.0,86
0d2bf916cc8de90d02f4cd4c23ea79b227dbc45d845b4124ffea380c92d34c8c,brilho_contraste,3,0.0,19
0ea221716cf13710214dcd331a61cea48308c3940df1d28cfc7fd817c83714e1,brilho_contraste,3,0.07162002120848375,255
139946af9e2c7ef4f0298e622b831dbef5e5c0cd088eb5bc3382f8df9355443d,brilho_contraste,3,0.5912674825174825,1
1631352dbafb8a90f11219fffd3bea368a30bc3bad3bbe0e84e19bd720df4945,brilho_contraste,3,0.0,28
1ec74a26e772966df764e063f1391109a60d803cff9d15680093641ed691bf72,brilho_contraste,3,0.0,22
220b37f4ca7cab486d2b71cd87a46ee7411a5aa142799d96ed98015ab5ba538a,brilho_contraste,3,0.6,0
24a20f2a529cede5695df2422a3986505b5826bb10b10781d6db2074cf3de7b3,brilho_contraste,3,0.0,33
2c83c86dd4e5dacc024b55629375567fb8e320a82ef86f541cfe54764040fc25,brilho_contraste,3,0.40633711732429684,1
2f929b067a59f88530b6bfa6f6889bc3a38adf88d594895973d1c8b2549fd93d,brilho_contraste,3,0.05135929593939907,5
30f65741053db713b3f328d31d3234b6fedbe31df65c1a8ea29be28146cab789,brilho_contraste,3,0.017516339869281045,4
3441821ebea04face181c9e2f4d0d09727c764827ac51b9e7fbadbebabeab225,brilho_contraste,3,0.06207827260458838,14
3477024fd843e46097840360f9cdee24b76bf5c593ed27a9aee7a5728a06aa51,brilho_contraste,3,0.903861788617886,0
34c9f4eb2af8b8f46b1d88b74bde16f4614cd08948c2f1d817eb629afc512e7a,brilho_contraste,3,0.7551892551892553,1
35ca5f142a7d7a3e4b59f1a767a31f87cb00d66348226bc64094ee3d1e46531c,brilho_contraste,3,0.00834835138874827,16
37ed50eea5a1e0bade3e6753793b6caeb061cd4c2f365658c257f69cab1f6288,brilho_contraste,3,0.053285803416230494,8
3a22fe593d9606d4f137461dd6802fd3918f9fbf36f4a65292be69670365e2ca,brilho_contraste,3,0.0,22
3bf7873f11823f4b64422f49c8248dd95c0d01f9ae9075ae3d233bbb21a3d875,brilho_contraste,3,0.45136183768212057,11
3bfa8b3b01fd24a28477f103063d17368a7398b27331e020f3a0ef59bf68c940,brilho_contraste,3,0.004819277108433735,80
3ca8181367fc1258a418f7bf5044533c83e02a59c1a96def043295c429c297a8,brilho_contraste,3,0.0,17
4596961c789d3b41916492918797724fe75128239fefc516c3ee75322b7926f0,brilho_contraste,3,0.11170493386985896,52
4bf6a5ec42032bb8dbbb10d25fdc5211b2fe1ce44b6e577ef89dbda17697d819,brilho_contraste,3,0.17096706778575524,8
4d09672bcf5a2661eea00891bbb8191225a06619a849aece37ad10d9dedbde3e,brilho_contraste,3,0.7524950456529405,5
4d2cff9a0c8df3a7ef6100fda6f66e865a7670af6a18564767d8019b9ed2fd7b,brilho_contraste,3,0.08023195846153226,42
4e23ecf65040f86420e0201134e538951acdeda84fbb274311f995682044dd64,brilho_contraste,3,0.0,26
4e92129f4e8066d6f560d6022cd343a2245939aa49d8b06cddbd9bfc7e7eeb0e,brilho_contraste,3,0.0,39
516a0e20327d6dfcedcf57e3056115e4fb29cdf4cb349003bdfc75c9b7f5c2cf,brilho_contraste,3,0.0,20
52a4ac5a875be7a6c886035d54fb63f5f397dc43508c4831898f6b2f8debc7f3,brilho_contraste,3,0.8844444444444445,0
5419302571113e9aa74c7c0a9575333ca539b871a16c86ee92b35170b4ddc52e,brilho_contraste,3,0.41139971139971143,0
56d0da5b663ddd49955478c00ca03118c367ff7dd6a646b8c875b0acb207d1c5,brilho_contraste,3,0.0,4
58cc121d37fb7f1b4a5252024d88415936781e540252b8f734faeedd29b682d5,brilho_contraste,3,0.03005535656138066,8
5bb8508ff8ec8683fc6a8aa6bd470f6feb3af4eccdca07f51a1ebc9dad67cfb8,brilho_contraste,3,0.796495594142653,0
5d2c98fd6fda3c7d739461c3b3d4a0c7f8456121a14519dc5955a1775227b053,brilho_contraste,3,0.48424435123192894,7
602f267432e7a573e1092f1cf48135c82d0fbc8722bc028b9330ec801a40bb18,brilho_contraste,3,0.3419186321871744,3
608ff81c8a0c8b622f6648a9c7f935d85f0c503f515ef2ac3728387be1953ee8,brilho_contraste,3,0.4029336085311318,4
610f32e2d9d270d740aec501dcf0c89595e4e623468ad43272adab90520a8f96,brilho_contraste,3,0.0,45
623cf6987b3fac8f384c09f40d98c5e739c097aa9a9627054542aa27f7d38db1,brilho_contraste,3,0.37873095946625357,4
68f833de9f8c631cedd7031b8ed9b908c42cbbc1e14254722728a8b7d596fd4c,brilho_contraste,3,0.1687911767856542,10
6aa7dd0c88bec4f96cdd497f9c37779733033d9ec6513307461302d36bd32ac7,brilho_contraste,3,0.4916883116883118,2
6af82abb29539000be4696884fc822d3cafcb2105906dc7582c92dccad8948c5,brilho_contraste,3,0.5743801945181255,2
6b0ac2ab04c09dced54058ec504a4947f8ecd5727dfca7e0b3f69de71d0d31c7,brilho_contraste,3,0.0,8
6b72b61b80060a9e79a4747f9c5d5af135af9db466681c2d1086f784c7130699,brilho_contraste,3,0.04065811399259335,150
6f8197baf738986a1ec3b6ba92b567863d897a739376b7cec5599ad6cecafdfc,brilho_contraste,3,0.7279879540749106,2
6fb82031f7fc5f4fa6e0bc2ef3421db19036b5c2cdd2725009ab465d66d61d72,brilho_contraste,3,0.5896103896103896,2
709e094e39629a9ca21e187f007b331074694e443db40289447c1111f7e267e7,brilho_contraste,3,0.0,13
72b18a405555ad491721e29454e5cd325055ce81a9e78524b56f2c058a4d2327,brilho_contraste,3,0.3123484848484849,1
777f7c4269279951ae05b56e806745e613297d411d048c0bce8964afd7d71a4b,brilho_contraste,3,0.008450704225352112,16
77ceeb87f560775ac150b8b9b09684ed3e806d0af6f26cce8f10c5fc280f5df2,brilho_contraste,3,0.01329284750337382,2
7978812d0e2e034ee1f9c141f019705582fcaa290e4a01c6c75a62753285cb23,brilho_contraste,3,0.012903225806451613,18
79dfcbc9361edd3a1ffe81a5bdaa22a197ad1341f3fa64b86a646c2607d6b324,brilho_contraste,3,0.956043956043956,0
7af09f98ec299ba0658d759eebc4c34e1c98289ea6ce37f233e9f5e4e2fc84f4,brilho_contraste,3,0.6767832167832167,0
7ba20aa731cc21af74a8d940254176cbad1bdc44f240b550341c6d9c27509daa,brilho_contraste,3,0.6630205564416091,2
7c318172e976ae5a962c9c7a4e9fe46d7fb985765ddd3a3e2108e893a90b92b2,brilho_contraste,3,0.14450158052390832,15
7f4d7b549d0f1a110191e2aded872943d85892bc30667f19fe9de97a5370b08e,brilho_contraste,3,0.7557142857142857,1
8175a55b711c948fe383bd3b91b6ca1b9e048a5241e0be13aff31ce2674fbe6d,brilho_contraste,3,0.8233333333333333,0
8d9b4205ddb10fa49a2973b4f3a2dc6923407ae015081e1a52c4b4c2fe8faa53,brilho_contraste,3,0.7934160627471998,2
8efed2e62c919e6d70a2ab548b1a33014877fe8a23f177ef25a9dee25ffe8842,brilho_contraste,3,0.2607109474340875,96
97158b2fe38783d88d4e44ba1b7bc6c84f225f8b35fcccc2f9265c65f14e7c8b,brilho_contraste,3,0.338073316283035,6
9774c82396327929fea05e40ae153cabf0107178b2ae3e40a5709b409793887e,brilho_contraste,3,0.3136353353837201,3
9b25b8ffd5f52b6c3d235a42d51d380503d1f80b61ef0f62eeb696f5977c38e6,brilho_contraste,3,0.5729153199741435,2
9e4f8ec60a0d622a02c0e16eedcc0101f88ddefbcec2383946c4572b57a1e43a,brilho_contraste,3,0.34048661249912326,19
9facc652efe19f634639585d692a53dd6c2a8e2f0c9baebdfd85b9b41ec58851,brilho_contraste,3,0.0,21
a3a1b8f9794ef589b71faa9f35fd97ad6761c4488718fbcf766e95e31afa8606,brilho_contraste,3,0.564124183006536,4
a7f6194ddbeaefb1da571226a97785d09ccafc5893ce3c77078d2040bccfcb77,brilho_contraste,3,0.003125,69
a9d884ba0929dac87c2052ce5b15034163685317d7cff45c40b0f7bd9bd4d9e7,brilho_contraste,3,0.5148634629429346,7
aa83f5b4fca02ae43a6b9456ab42707b0beabc6e7c5c4e66c0d2572fb80f3615,brilho_contraste,3,0.7666666666666667,1
abbfff07379bceb69dba41dad8b0db5eb80cc8baf3d4af87b7ee20b0dac32215,brilho_contraste,3,0.2611386092898698,8
ac8169a0debed11560f3f0e246c05ea82d03c66346f1576cc8268554cb3f549f,brilho_contraste,3,0.02608695652173913,22
ad9d305cbf193d4250743ead466bdaefe910835d7e352c544e22320e8336f5c1,brilho_contraste,3,0.11690950199671128,19
afa272dc01825d4b929b3bfc79a10f68dd3c163c450d858b964d1ce0bc93e131,brilho_contraste,3,0.9666666666666666,0
b3b1626f8ad156acb2963d1faa6a368f9378a266c3b90d9321087fdc5b3032b4,brilho_contraste,3,0.0,27
b67a6e5da8b1cfa5319d94a7d3f8b706725753346c37a4636bf7382e98b3c5df,brilho_contraste,3,0.5042986425339367,1
b6d50fa22380ae3a7e8c52c5bc44a254e7b2596fd8927980dbe2c160cb5689b5,brilho_contraste,3,0.6729632459044224,1
b82548ab19466b461614e6055aaf49fbc24c03a2d20e65575b680c7c28268807,brilho_contraste,3,0.8046621621621621,2
b98681c74842c4058bd2f88b06063731c26a90da083b1ef348e0ec734c58752b,brilho_contraste,3,0.575,0
be771d6831e3f8f1af4696bc08a582f163735db5baf9906e4729acc6a05e1187,brilho_contraste,3,0.0,11
c0152b1a260e71f9823d17f4fbb4bf7020d5dce62b4a12b3099c1c8e52a1c43a,brilho_contraste,3,0.0,22
c169a7782a69ea2f38f64d2739de189e88adbcfd4a829721def8c89ecabe8b71,brilho_contraste,3,0.0,21
c35e6e3ea39a718e1b7aff66e4cc678efd662f9b5336b74d69c1d6bca7aaf288,brilho_contraste,3,0.5354316527114397,5
c3bec1066aae20f48b82975e7e8b684cd67635a8baf211e4d9e3e13bc54c5d06,brilho_contraste,3,0.10484662469085637,20
c6216cdc42f61bc345434986db42e2ef9b9741aee3210b7a808e952e319d2305,brilho_contraste,3,0.22879733861441176,9
cf26c41245febfe67c2a1682cc4ee8752ee40ae3e49610314f45923b8bf5b08a,brilho_contraste,3,0.6837777131314062,5
d1dbc6ee7c44a7027e935d040e496793186b884a1028d0e26284a206c6f5aff0,brilho_contraste,3,0.2045375295947378,9
d3ce382f190ee24729bd2e80684c11bef72bc9c733cdbbc19a17d2c1b2e775f7,brilho_contraste,3,0.6446428571428571,1
da8ca06ccbb4e2a8718f7c2939ef6cc3a4088981f660842ad885a8273e740d55,brilho_contraste,3,0.539486338747334,9
dad607a203483439fcbc2acecd0a39fb5e5a94a32a94348f5c802c79cfeb6e7c,brilho_contraste,3,0.6180304228264683,4
e52960d31f8bddf85400259beb4521383f5ceface1080be3429f2f926cc9b5c2,brilho_contraste,3,0.10493741310339125,52
e5a7b8a9924b26b3abf039255a8a3bb00258f4966f68ff3349560b4350af9367,brilho_contraste,3,0.0,17
ead9464a50a17f74bf1b6471d94ecce8d887cf518c8fedc6c6048eb948bc4e49,brilho_contraste,3,0.9333333333333333,0
ed4b8e0d756836be7acb2e2b7799c473b52424e3092a71d3c6d23558e500dc4c,brilho_contraste,3,0.5675707036521438,9
f534b43bf37ff946a310a0f08315d76c3fb3394681cf523acef7c0682240072a,brilho_contraste,3,0.4503272176262506,4
f728de04267283f0b4daab9a840e7433b2c6034baf195fd526850439c9297687,brilho_contraste,3,0.08944517500406922,21
f7eaaf420b5204c4a42577428b7cd897a53ef07b759ccbba3ed30a3548ca5605,brilho_contraste,3,0.723397435897436,0
f81ca7ee25e733ff37240c34c8e3044d9937bb0166e315952ebde3f237ecb86f,brilho_contraste,3,0.5888465399334964,2
f8e74d4006dd68c1dbe68df7be905835e00d8ba4916f3b18884509a15fdc0b55,brilho_contraste,3,0.14338352021673545,23
fa751ff3a6332c95cb5cb1d28563553914295e9e7d35c4b6bd267241e8a0787c,brilho_contraste,3,0.554680028785497,4
fdda64c47361b0d1a146e5b7b48dc6b7de615ea80b31f01227a3b16469589528,brilho_contraste,3,0.39874379123730447,6
